Product Code,Old Product Code,Manufacturer,Product Description,Unit of Measure,Trade Price,Sell Price,Bar Code,Group Description,Sub Group-1 Description,Sub Group-2 Description
10124997,PIRFT2CE7067,PIR,PIRFT2CE7067: Cable Flat 2 Core & Earth 2.5mm,MT,0.00,2.46,,CABLE,PVC POWER CABLE,FLAT  TPS  POWER CABLE
10027563,AUS25MD,AUS,AUS25MD: Conduit PVC Solid 25mm x 4MT Grey,LN,0.00,8.83,9322537007934,PVC CONDUIT & FITTINGS,PVC RIGID CONDUIT,PVC RIGID CONDUIT LIGHT DUTY
10180768,OMEPB1,OME,OMEPB1: Socket Plug Base 10A 250V WH,EA,0.00,2.20,9323441036508,BAKELITE,DOMESTIC & ALLIED PRODUCTS,PLUGS  BASES  ROSES & SOCKETS
10230256,CLIWSC227/2-RG,CLI,CLIWSC227/2-RG: P/Point W/P Surf 2g IP53 10A 250V RG,EA,0.00,29.04,9311554643683,BAKELITE,DOMESTIC & ALLIED PRODUCTS,W/PROOF COMBINATIONS SWITCHES
10081341,CLIC2025-WE,CLI,CLIC2025-WE: Powerpoint 2 Gang 10A 250V WH,EA,0.00,9.33,9311554318116,BAKELITE,DOMESTIC & ALLIED PRODUCTS,BAKELITE FAST MOVERS
10023756,AUS20MD,AUS,AUS20MD: Conduit PVC Solid 20mm x 4MT Grey,LN,0.00,7.18,9322537007897,PVC CONDUIT & FITTINGS,PVC RIGID CONDUIT,PVC RIGID CONDUIT LIGHT DUTY
10172299,AUSNBN20WH4500,AUS,AUSNBN20WH4500: Conduit PVC 20mm x 4.5MT White,LN,0.00,7.48,,PVC CONDUIT & FITTINGS,PVC RIGID CONDUIT,PVC RIGID TELECOMMUNICATIONS
10188694,OMEQCPB,OME,OMEQCPB: Socket Quick Connect 10A 250V WH,EA,0.00,3.51,9323441036256,BAKELITE,DOMESTIC & ALLIED PRODUCTS,PLUGS  BASES  ROSES & SOCKETS
10124974,PIRFT2CE7050,PIR,PIRFT2CE7050: Cable Flat 2 Core & Earth 1.5mm,MT,0.00,1.58,9310835900446,CABLE,PVC POWER CABLE,FLAT  TPS  POWER CABLE
10197125,SYAS9065TCWH,SYA,SYAS9065TCWH: LED D/L 9W Wave IP44 TC Dimmable White,EA,0.00,10.66,9328623105478,LIGHT FITTINGS,LED LIGHT FITTINGS,LED LIGHT FITTINGS
10031474,CLI3025-VW,CLI,CLI3025-VW: Powerpoint 2 Gang 10A 250V VW,EA,0.00,9.48,9311554785307,BAKELITE,ICONIC,COMBINATIONS
10306099,PIEMECOLED40CSLSG4,PIE,PIEMECOLED40CSLSG4: Middys Eco  LED Batten Gen 4 4Ft 4/5/6K,EA,0.00,61.17,,LIGHT FITTINGS,LED LIGHT FITTINGS,LED LIGHT FITTINGS
10190778,CLIRCBE216/30S,CLI,CLIRCBE216/30S: RCBO 1 Pole C Curve 30MA 4.5KA 16A,EA,0.00,29.51,9311554758929,CIRCUIT BREAKERS,CB RESIDUAL CURRENT DEVICE,RCD MINIATURE
10041825,CLI449AB-VW,CLI,CLI449AB-VW: Mounting Block 34mm WH,EA,0.00,2.67,9311554794255,BAKELITE,DOMESTIC & ALLIED PRODUCTS,MOUNTING BLOCKS
10046773,CLI554C4-WE,CLI,CLI554C4-WE: Junction Box 45x86x58mm Clip-On WH,EA,0.00,4.23,9311554183745,BAKELITE,DOMESTIC & ALLIED PRODUCTS,BAKELITE FAST MOVERS
10086540,TRDCCM2510,TRD,TRDCCM2510: CONDUIT CORR 25MM MD GRY 10M PVC,CL,0.00,17.73,9323441038151,PVC CONDUIT & FITTINGS,PVC CORRUGATED CONDUIT-HD-LD,PVC LIGHT/MED DUTY CORR. COND.
10173628,NHPNL140L,NHP,NHPNL140L: Isolator SW 2P 40A 250VAC IP66 Grey,EA,0.00,20.78,9321807212351,INDUSTRIAL CONTROL,INDUSTRIAL SWITCHES,ISOLATOR MULTI PHASE SWITCH
10054842,CLI755PSMA4,CLI,CLI755PSMA4: Smoke Alarm P/E 240VAC 9V Surf Mnt WH,EA,0.00,47.82,9311554793623,SIGHT & SOUND PRODUCTS,SMOKE DETECTORS,SMOKE DETECTORS
10066828,HAGADC920T,HAG,HAGADC920T: RCBO 1M 1P+N 6KA C-20A 30MA A,EA,0.00,40.77,3250611033363,CIRCUIT BREAKERS,CB RESIDUAL CURRENT DEVICE,RCD MINIATURE
10066827,HAGADC916T,HAG,HAGADC916T: RCBO 1M 1P+N 6KA C-16A 30MA A,EA,0.00,40.75,3250611033356,CIRCUIT BREAKERS,CB RESIDUAL CURRENT DEVICE,RCD MINIATURE
10238824,AMPAPS25,AMP,AMPAPS25: Adaptor 25mm Plain To Screwed Box 50,EA,0.00,0.89,9323441038991,PVC CONDUIT & FITTINGS,PVC CONDUIT FITTINGS,PVC CONDUIT CONN./FITTINGS
10124996,OLXFT2CE7067,OLX,OLXFT2CE7067: Cable Flat 2 Core & Earth 2.5mm,MT,0.00,2.63,,CABLE,PVC POWER CABLE,FLAT  TPS  POWER CABLE
10066825,HAGADC910T,HAG,HAGADC910T: RCBO 1M 1P+N 6KA C-10A 30MA A,EA,0.00,40.76,3250611033332,CIRCUIT BREAKERS,CB RESIDUAL CURRENT DEVICE,RCD MINIATURE
10027586,RIP25RB,RIP,RIP25RB: Tape PVC Elec 19mm x 20MT Rainbow (10PK),PK,0.00,13.16,9323441021375,TAPES  SEALANTS & LUBRICANTS,TAPES,TAPES
10239150,AMPC25,AMP,AMPC25: Coupling 25mm Grey Box 50,EA,0.00,0.49,9323441039141,PVC CONDUIT & FITTINGS,PVC CONDUIT FITTINGS,PVC CONDUIT CONN./FITTINGS
10187689,TDRPUPP2G,TDR,TDRPUPP2G: Powerpoint 2 Gang 10A 250V WH,EA,0.00,9.70,9349703004764,BAKELITE,DOMESTIC & ALLIED PRODUCTS,COMBINATIONS
10198626,OMESC1CL,OME,OMESC1CL: Cable Connectors Single Screw Insulated,JR,0.00,18.72,9323441003760,CABLE ACCESSORIES,CABLE CONNECTORS,CABLE CONNECTORS
10086537,TRDCCM2010,TRD,TRDCCM2010: CONDUIT CORR 20MM MD GRY 10M PVC,CL,0.00,14.14,9323441038120,PVC CONDUIT & FITTINGS,PVC CORRUGATED CONDUIT-HD-LD,PVC LIGHT/MED DUTY CORR. COND.
10190779,CLIRCBE220/30S,CLI,CLIRCBE220/30S: RCBO 1 Pole C Curve 30MA 4.5KA 20A,EA,0.00,29.51,9311554758943,CIRCUIT BREAKERS,CB RESIDUAL CURRENT DEVICE,RCD MINIATURE
10190781,CLIRCBE232/30S,CLI,CLIRCBE232/30S: RCBO 1 Pole C Curve 30MA 4.5KA 32A,EA,0.00,29.51,9311554758998,CIRCUIT BREAKERS,CB RESIDUAL CURRENT DEVICE,RCD MINIATURE
10190777,CLIRCBE210/30S,CLI,CLIRCBE210/30S: RCBO 1 Pole C Curve 30MA 4.5KA 10A,EA,0.00,29.51,9311554758905,CIRCUIT BREAKERS,CB RESIDUAL CURRENT DEVICE,RCD MINIATURE
10175898,OMEOB121,OME,OMEOB121: Trademate Plaster Bracket (C-Clip),EA,0.00,0.49,9323441005689,BAKELITE,DOMESTIC & ALLIED PRODUCTS,WALL FLOOR BOX & BRACKETS
10066830,HAGADC932T,HAG,HAGADC932T: RCBO 1M 1P+N 6KA C-32A 30MA,EA,0.00,40.78,3250611033387,CIRCUIT BREAKERS,CB RESIDUAL CURRENT DEVICE,RCD MINIATURE
10173625,NHPNL120L,NHP,NHPNL120L: Isolator SW 2P 20A 250VAC IP66 Grey,EA,0.00,16.67,9321807212337,INDUSTRIAL CONTROL,INDUSTRIAL SWITCHES,ISOLATOR MULTI PHASE SWITCH
10022057,CLI2025-WE,CLI,CLI2025-WE: Powerpoint 2 Gang 10A 250V WH,EA,0.00,9.33,9311554042387,BAKELITE,DOMESTIC & ALLIED PRODUCTS,BAKELITE FAST MOVERS
10176449,OMEOER1400,OME,OMEOER1400: Earth Rod 12.5mm Dia.X 1400mm C/W Clip from 1440 to 1400mm,EA,0.00,16.11,9323441040253,CABLE ACCESSORIES,EARTH RODS,EARTH RODS
10304161,TRDA5445-SNC,TRD,TRDA5445-SNC: Sealant Silicone  Neutral Cure 300Ml A5445,EA,0.00,10.14,,TAPES  SEALANTS & LUBRICANTS,ADHESIVES/SEALANTS,ADHESIVES/SEALANTS
10135445,TRDHS25,TRD,TRDHS25: Saddle Half Zinc 25mm,EA,0.00,0.25,9323441014117,BAKELITE,DOMESTIC & ALLIED PRODUCTS,SADDLES  CONDUIT FIXING
10034060,AUS32HD,AUS,AUS32HD: Conduit PVC Solid 32mm x 4MT Orange,LN,0.00,13.89,9322537007958,PVC CONDUIT & FITTINGS,PVC RIGID CONDUIT,PVC RIGID CONDUIT HEAVY DUTY
10172317,AUSNBNLSB20WHSHORT,AUS,AUSNBNLSB20WHSHORT: Bend 20mm ID 90 Deg NBN 100mm RAD,EA,0.00,5.18,,PVC CONDUIT & FITTINGS,PVC CONDUIT FITTINGS,PVC CONDUIT CONN./FITTINGS
10018210,CLI180/25,CLI,CLI180/25: Saddle Half Zinc 25mm,EA,0.00,0.30,9311554038236,BAKELITE,DOMESTIC & ALLIED PRODUCTS,SADDLES  CONDUIT FIXING
10124973,OLXFT2CE7050,OLX,OLXFT2CE7050: Cable Flat 2 Core & Earth 1.5mm,MT,0.00,1.69,9322576245342,CABLE,PVC POWER CABLE,FLAT  TPS  POWER CABLE
10172316,AUSNBNLSB20WH,AUS,AUSNBNLSB20WH: Bend 20mm ID 90 Deg NBN 305mm RAD,EA,0.00,6.47,9322537032134,PVC CONDUIT & FITTINGS,PVC CONDUIT FITTINGS,PVC CONDUIT CONN./FITTINGS
10239153,AMPC32,AMP,AMPC32: Coupling 32mm Grey Box 20,EA,0.00,0.78,9323441039158,PVC CONDUIT & FITTINGS,PVC CONDUIT FITTINGS,PVC CONDUIT CONN./FITTINGS
10031790,CLI3041HA-VW,CLI,CLI3041HA-VW: Switch 1 Gang Horiz 10A 250V VW,EA,0.00,8.76,9311554785703,BAKELITE,ICONIC,SWITCHES
10027532,AUS25HD,AUS,AUS25HD: Conduit PVC Solid 25mm x 4MT Orange,LN,0.00,10.12,9322537007910,PVC CONDUIT & FITTINGS,PVC RIGID CONDUIT,PVC RIGID CONDUIT HEAVY DUTY
10242170,AMPSE25,AMP,AMPSE25: Elbow 90 Deg 25mm Solid Grey Box 20,EA,0.00,1.23,9323441039196,PVC CONDUIT & FITTINGS,PVC CONDUIT FITTINGS,PVC CONDUIT CONN./FITTINGS
10402327,OMEGPO2GW10,OME,OMEGPO2GW10: WEATHERPROOF GPO DOUBLE WIRED 250V 10A IP52,EA,0.00,17.01,,BAKELITE,DOMESTIC & ALLIED PRODUCTS,COMBINATIONS
10041165,CLI439S-TR,CLI,CLI439S-TR: Plug Top Straight 10A 250V Trans,EA,0.00,4.84,9311554597252,BAKELITE,DOMESTIC & ALLIED PRODUCTS,PLUGS  BASES  ROSES & SOCKETS
10283388,SAB1400160,SAB,SAB1400160: Sealant Fra Intumescent White 300ml Fire Caulk,EA,0.00,11.50,9421025890581,TAPES  SEALANTS & LUBRICANTS,ADHESIVES/SEALANTS,ADHESIVES/SEALANTS
10031823,CLI3042HA-VW,CLI,CLI3042HA-VW: Switch 2 Gang Horiz 10A 250V VW,EA,0.00,14.31,9311554785864,BAKELITE,ICONIC,SWITCHES
10173626,NHPNL120S,NHP,NHPNL120S: Isolator SW 2P 20A 250VAC IP66 Mini Grey,EA,0.00,14.28,9321807212320,INDUSTRIAL CONTROL,INDUSTRIAL SWITCHES,ISOLATOR MULTI PHASE SWITCH
10239148,AMPC20,AMP,AMPC20: Coupling 20mm Grey Box 50,EA,0.00,0.35,9323441039134,PVC CONDUIT & FITTINGS,PVC CONDUIT FITTINGS,PVC CONDUIT CONN./FITTINGS
10086541,TRDCCM2520,TRD,TRDCCM2520: CONDUIT CORR 25MM MD GRY 20M PVC,CL,0.00,42.46,9323441038168,PVC CONDUIT & FITTINGS,PVC CORRUGATED CONDUIT-HD-LD,PVC LIGHT/MED DUTY CORR. COND.
10240533,AMPJB251,AMP,AMPJB251: Junction Box 25mm One Way Box 10,EA,0.00,1.89,9323441039066,PVC CONDUIT & FITTINGS,PVC CONDUIT FITTINGS,PVC CONDUIT CONN./FITTINGS
10081548,CLIC2031VX-WE,CLI,CLIC2031VX-WE: Switch Blank Grid & Plate WH,EA,0.00,4.99,9311554364083,BAKELITE,DOMESTIC & ALLIED PRODUCTS,PVC PLATES  GRIDS & MECHS
10240525,AMPJB201,AMP,AMPJB201: Junction Box 20mm One Way Box 10,EA,0.00,2.09,9323441039059,PVC CONDUIT & FITTINGS,PVC CONDUIT FITTINGS,PVC CONDUIT CONN./FITTINGS
10124868,ETCFT2C7050,ETC,ETCFT2C7050: Cable Flat 2 Core 1.5mm Tw/Act SRF2015AV,MT,0.00,1.43,,CABLE,PVC POWER CABLE,FLAT  TPS  POWER CABLE
10032584,CLI30RJ45SMA6C-WE,CLI,CLI30RJ45SMA6C-WE: Mech RJ45 Jack C6 White,EA,0.00,9.94,3606489512446,DATA COMMUNICATION,CONNECTION METHODS,CONNECTION METHODS
10275082,CLIRMXRC240,CLI,CLIRMXRC240: Rcd 2 Pole 30Ma 6Ka 250Vac 40A,EA,0.00,39.07,9311554815936,CIRCUIT BREAKERS,CB RESIDUAL CURRENT DEVICE,RCD MINIATURE
10125056,ETCFT2CE7104,ETC,ETCFT2CE7104: Cable Flat 2 Core & Earth 6.0mm,MT,0.00,5.09,,CABLE,PVC POWER CABLE,FLAT  TPS  POWER CABLE
10039686,CLI40RJ45SMA6C-TN,CLI,CLI40RJ45SMA6C-TN: Mech RJ45 Jack C6 Trans,EA,0.00,10.66,3606489512781,DATA COMMUNICATION,CONNECTION METHODS,CONNECTION METHODS
10031800,CLI3041VH-VW,CLI,CLI3041VH-VW: Switch 1 Gang Grid & Plate VW,EA,0.00,5.87,9311554793210,BAKELITE,ICONIC,PVC PLATES  GRIDS & MECHS
10034086,AUS32MD,AUS,AUS32MD: Conduit PVC Solid 32mm x 4MT Grey,LN,0.00,11.42,9322537007972,PVC CONDUIT & FITTINGS,PVC RIGID CONDUIT,PVC RIGID CONDUIT LIGHT DUTY
10081533,CLIC2031VH-WE,CLI,CLIC2031VH-WE: Switch 1 Gang Grid & Plate WH,EA,0.00,5.66,9311554321703,BAKELITE,DOMESTIC & ALLIED PRODUCTS,PVC PLATES  GRIDS & MECHS
10031346,CLI3015-VW,CLI,CLI3015-VW: Powerpoint 1 Gang 10A 250V VW,EA,0.00,10.80,9311554784973,BAKELITE,ICONIC,COMBINATIONS
10175907,OMEOB5,OME,OMEOB5: Bracket Stud W/Nails Horiz Galv,EA,0.00,0.99,9323441000714,BAKELITE,DOMESTIC & ALLIED PRODUCTS,WALL FLOOR BOX & BRACKETS
10317854,AIRCE250N,AIR,AIRCE250N: Fan Ceiling Exhaust  250Mm,EA,0.00,42.27,,HEATING & AIR MOVEMENT,FANS  AIR MOVEMENT,EXHAUST FAN & ACCESS. DOMESTIC
10020874,OME20,OME,OME20: Cable Gland Nylon 20mm IP68 10-14mm OD,EA,0.00,1.67,9323441000035,CABLE ACCESSORIES,GLANDS,PVC CABLE GLANDS
10238823,AMPAPS20,AMP,AMPAPS20: Adaptor 20mm Plain To Screwed Box 50,EA,0.00,0.83,9323441038984,PVC CONDUIT & FITTINGS,PVC CONDUIT FITTINGS,PVC CONDUIT CONN./FITTINGS
10109004,LEGED777WE,LEG,LEGED777WE: Powerpoint 2 Gang 10A 250V WH,EA,0.00,9.56,9321001396529,BAKELITE,DOMESTIC & ALLIED PRODUCTS,BAKELITE FAST MOVERS
10027491,OME25DTF,OME,OME25DTF: Tape PVC Duct F/R 48mm x 30MT Silver,RO,0.00,5.34,9323441023027,TAPES  SEALANTS & LUBRICANTS,TAPES,TAPES
10039576,AUS40HD,AUS,AUS40HD: Conduit PVC Solid 40mm x 4MT Orange,LN,0.00,20.01,9322537007996,PVC CONDUIT & FITTINGS,PVC RIGID CONDUIT,PVC RIGID CONDUIT HEAVY DUTY
10242169,AMPSE20,AMP,AMPSE20: Elbow 90 Deg 20mm Solid Grey Box 20,EA,0.00,1.18,9323441039189,PVC CONDUIT & FITTINGS,PVC CONDUIT FITTINGS,PVC CONDUIT CONN./FITTINGS
10173641,NHPNL340L,NHP,NHPNL340L: Isolator SW 3P 40A 500VAC IP66 Grey,EA,0.00,23.19,9321807212368,INDUSTRIAL CONTROL,INDUSTRIAL SWITCHES,ISOLATOR MULTI PHASE SWITCH
10031848,CLI3043HA-VW,CLI,CLI3043HA-VW: Switch 3 Gang Horiz 10A 250V VW,EA,0.00,23.17,9311554786007,BAKELITE,ICONIC,SWITCHES
10081425,CLIC2025XA-WE,CLI,CLIC2025XA-WE: Powerpoint 2 Gang Ex SW 10A 250V WH,EA,0.00,28.78,9311554318956,BAKELITE,DOMESTIC & ALLIED PRODUCTS,COMBINATIONS
10095455,OMECT280W4C,OME,OMECT280W4C: Cable Tie 280 x 4.8mm Outdoor (100PK),PK,0.00,9.20,9323441000424,CABLE ACCESSORIES,CABLE TIES,CABLE TIES
10135441,TRDHS20,TRD,TRDHS20: Saddle Half Zinc 20mm,EA,0.00,0.21,9323441014100,BAKELITE,DOMESTIC & ALLIED PRODUCTS,SADDLES  CONDUIT FIXING
10026903,OME25,OME,OME25: Cable Gland Nylon 25mm IP68 13-18mm OD,EA,0.00,2.44,9323441000042,CABLE ACCESSORIES,GLANDS,PVC CABLE GLANDS
10032377,CLI30M-WE,CLI,CLI30M-WE: Mech 10A 250V White 30MWE,EA,0.00,6.79,9311554052973,BAKELITE,DOMESTIC & ALLIED PRODUCTS,PVC PLATES  GRIDS & MECHS
10080162,ETCBW7104GY,ETC,ETCBW7104GY: Cable Building Wire 6.00mm Green/Yellow,MT,0.00,2.74,,CABLE,PVC POWER CABLE,BUILDING WIRE
10081500,CLIC2031HA-WE,CLI,CLIC2031HA-WE: Switch 1 Gang Horiz 10A 250V WH,EA,0.00,6.69,9311554336318,BAKELITE,DOMESTIC & ALLIED PRODUCTS,BAKELITE FAST MOVERS
10039563,CLI40FFPMS-TN,CLI,CLI40FFPMS-TN: Mech PAL To F WH,EA,0.00,8.30,9311554792428,BAKELITE,DOMESTIC & ALLIED PRODUCTS,COMP./TELE/TV SOCKETS & PLATES
10031563,CLI3025XA-VW,CLI,CLI3025XA-VW: Powerpoint 2 Gang Ex SW 10A 250V VW,EA,0.00,35.88,9311554785390,BAKELITE,ICONIC,COMBINATIONS
10125058,PIRFT2CE7104,PIR,PIRFT2CE7104: Cable Flat 2 Core & Earth 6.0mm,MT,0.00,5.05,9310835900514,CABLE,PVC POWER CABLE,FLAT  TPS  POWER CABLE
10230250,CLIWSC227/1/15-RG,CLI,CLIWSC227/1/15-RG: P/Point W/ P Surf SW 1g IP53 15A 250V RG,EA,0.00,36.49,9311554643997,BAKELITE,DOMESTIC & ALLIED PRODUCTS,W/PROOF COMBINATIONS SWITCHES
10163116,SYTMEDM,SYT,SYTMEDM: Mech Dimmer Rotary Univ 250V 2-400W WH,EA,0.00,48.65,9346051003630,BAKELITE,DOMESTIC & ALLIED PRODUCTS,CONTROLLERS - DIMMERS / FANS
10162275,CLIMCB4-116,CLI,CLIMCB4-116: MCB 1 Pole C Curve 4.5KA 250VAC 16A,EA,0.00,4.83,9318795018331,CIRCUIT BREAKERS,MINIATURE CIRCUIT BREAKER,MCB DOMESTIC
10027463,RIP25BK,OME,RIP25BK: Tape PVC Elec 19mm x 20MT Black,EA,0.00,1.92,9323441021337,TAPES  SEALANTS & LUBRICANTS,TAPES,TAPES
10296883,OMEDUECAT6-305BL,OME,OMEDUECAT6-305BL: Cable Data Cat 6 Utp 4Pr PVC 305m Box Blue,BX,0.00,188.41,,DATA COMMUNICATION,DATA & COMMS CABLE,CAT CABLE
10118358,OMEFC2.5TEB,OME,OMEFC2.5TEB: Cable Clip Flat 2.5mmsq T&E In Bucket,BU,0.00,17.66,9323441002978,CABLE ACCESSORIES,CABLE CLIPS,PLASTIC CABLE CLIPS
10031832,CLI3042VH-VW,CLI,CLI3042VH-VW: Wall Plate 2 Gang Grid & Plate VW,EA,0.00,6.99,9311554793227,BAKELITE,ICONIC,PVC PLATES  GRIDS & MECHS
10172302,AUSNBN50WH4500,AUS,AUSNBN50WH4500: Conduit PVC 50mm x 4.5MT White,LN,0.00,35.54,,PVC CONDUIT & FITTINGS,PVC RIGID CONDUIT,PVC RIGID TELECOMMUNICATIONS
10238825,AMPAPS32,AMP,AMPAPS32: Adaptor 32mm Plain To Screwed Box 50,EA,0.00,0.85,9323441039004,PVC CONDUIT & FITTINGS,PVC CONDUIT FITTINGS,PVC CONDUIT CONN./FITTINGS
10226529,VNAVTROTIMER,VNA,VNAVTROTIMER: Run On Timer 1- 25 Min,EA,0.00,39.44,9339310006947,HEATING & AIR MOVEMENT,HEATERS,HEATERS RADIANT/INFRARED
10086538,TRDCCM2020,TRD,TRDCCM2020: CONDUIT CORR 20MM MD GRY 20M PVC,CL,0.00,28.91,9323441038137,PVC CONDUIT & FITTINGS,PVC CORRUGATED CONDUIT-HD-LD,PVC LIGHT/MED DUTY CORR. COND.
10026123,CLI238-WE,CLI,CLI238-WE: Mounting Box 20mm End Entry WH,EA,0.00,6.78,9311554252649,BAKELITE,DOMESTIC & ALLIED PRODUCTS,WALL FLOOR BOX & BRACKETS
10051124,LEG643085,LEG,LEG643085: Smoke Alarm P/E 240VAC 9V Surf Mnt WH,EA,0.00,37.21,9321001433958,SIGHT & SOUND PRODUCTS,SMOKE DETECTORS,SMOKE DETECTORS
10176312,ETCOC4CE7104/500,ETC,ETCOC4CE7104/500: Cable Orange Circular 4 C & E 6.0mm,MT,0.00,10.13,,CABLE,PVC POWER CABLE,ORANGE CIRCULAR CABLE
10038829,HPM404,HPM,HPM404: Junction Box 68x68x38mm WH,EA,0.00,3.22,9321001017165,BAKELITE,DOMESTIC & ALLIED PRODUCTS,BAKELITE FAST MOVERS
10233095,OMEXLP13-4BK,OME,OMEXLP13-4BK: Heatshrink 13- 6.4mm 1.2MT Black,LN,0.00,5.21,9323441032159,CABLE ACCESSORIES,HEATSHRINK,HEAT SHRINK
10162274,CLIMCB4-110,CLI,CLIMCB4-110: MCB 1 Pole C Curve 4.5KA 250VAC 10A,EA,0.00,4.83,9318795018317,CIRCUIT BREAKERS,MINIATURE CIRCUIT BREAKER,MCB DOMESTIC
10027659,RIP25WH,RIP,RIP25WH: Tape PVC Elec 19mm x 20MT White,EA,0.00,1.92,9323441021399,TAPES  SEALANTS & LUBRICANTS,TAPES,TAPES
10180886,OMEPBH730,OME,OMEPBH730: Screw Bugle Head 7g x 30mm,PK,0.00,3.82,9323441004248,TOOLS  FASTENERS  LADDERS & AC,FASTENERS,SCREWS
10086543,TRDCCM3210,TRD,TRDCCM3210: CONDUIT CORR 32MM MD GRY 10M PVC,CL,0.00,36.31,9323441038182,PVC CONDUIT & FITTINGS,PVC CORRUGATED CONDUIT-HD-LD,PVC LIGHT/MED DUTY CORR. COND.
10095456,OMECT280W4CK,OME,OMECT280W4CK: Cable Tie 280 x 4.8mm Outdoor (1000PK),PK,0.00,54.31,9323441000660,CABLE ACCESSORIES,CABLE TIES,CABLE TIES
10095426,OMECT200W4C,OME,OMECT200W4C: Cable Tie 200 x 4.8mm Outdoor (100PK),PK,0.00,5.72,9323441000400,CABLE ACCESSORIES,CABLE TIES,CABLE TIES
10168494,HAGMSN163,HAG,HAGMSN163: MCB 1 Pole C Curve 6KA 250VAC 63A,EA,0.00,10.36,3250613810146,CIRCUIT BREAKERS,MINIATURE CIRCUIT BREAKER,MCB INDUSTRIAL
10081222,CLIC2015/15-WE,CLI,CLIC2015/15-WE: Powerpoint 1 Gang 15A 250V WH,EA,0.00,23.88,9311554314422,BAKELITE,DOMESTIC & ALLIED PRODUCTS,COMBINATIONS
10027199,CLI2530LT-WE,CLI,CLI2530LT-WE: Batten Holder Loose Tappit Clip On Cover,EA,0.00,4.97,9311554556525,BAKELITE,DOMESTIC & ALLIED PRODUCTS,BAKELITE FAST MOVERS
10018209,CLI180/20,CLI,CLI180/20: Saddle Half Zinc 20mm,EA,0.00,0.28,9311554038229,BAKELITE,DOMESTIC & ALLIED PRODUCTS,SADDLES  CONDUIT FIXING
10204923,OMESMDW12-3TK,OME,OMESMDW12-3TK: Heatshrink Adhesive 12-3mm 1.2MT Black,LN,0.00,16.74,9323441027490,CABLE ACCESSORIES,HEATSHRINK,HEAT SHRINK
10015398,CLI154,CLI,CLI154: Bracket Plaster Wall Board Galv,EA,0.00,1.19,9311554036164,BAKELITE,DOMESTIC & ALLIED PRODUCTS,WALL FLOOR BOX & BRACKETS
10197117,SYAS9064TCWH,SYA,SYAS9064TCWH: LED D/L 7W Wave IP44 TC Dim White,EA,0.00,17.39,9328623107021,LIGHT FITTINGS,LED LIGHT FITTINGS,LED LIGHT FITTINGS
10081591,CLIC2032HA-WE,CLI,CLIC2032HA-WE: Switch 2 Gang Horiz 10A 250V WH,EA,0.00,11.96,9311554336509,BAKELITE,DOMESTIC & ALLIED PRODUCTS,BAKELITE FAST MOVERS
10031793,CLI3041VA-VW,CLI,CLI3041VA-VW: Switch 1 Gang Vert 10A 250V VW,EA,0.00,8.49,9311554785734,BAKELITE,ICONIC,SWITCHES
10108835,LEGED770/1HWE,LEG,LEGED770/1HWE: Switch 1 Gang Horiz 16A 250V WH,EA,0.00,7.65,9321001422853,BAKELITE,DOMESTIC & ALLIED PRODUCTS,SWITCHES
10197062,SYAS9041TCWH,SYA,SYAS9041TCWH: LED D/L 10W Ecogem IP44 TC Dimmable WH,EA,0.00,18.86,9328623103054,LIGHT FITTINGS,LED LIGHT FITTINGS,LED LIGHT FITTINGS
10233099,OMEXLP13-4RD,OME,OMEXLP13-4RD: Heatshrink 13- 6.4mm 1.2MT Red,LN,0.00,5.21,9323441032197,CABLE ACCESSORIES,HEATSHRINK,HEAT SHRINK
10264527,SAB1200109,SAB,SAB1200109: Sealant Silicone Clear Neutral Cure 300ml,EA,0.00,16.73,,TAPES  SEALANTS & LUBRICANTS,ADHESIVES/SEALANTS,ADHESIVES/SEALANTS
10239154,AMPC40,AMP,AMPC40: Coupling 40mm Grey Box 20,EA,0.00,1.57,9323441039165,PVC CONDUIT & FITTINGS,PVC CONDUIT FITTINGS,PVC CONDUIT CONN./FITTINGS
10199590,ETCSD7050RD,ETC,ETCSD7050RD: Cable SDI 1.5mm Red,MT,0.00,0.83,,CABLE,PVC POWER CABLE,SINGLE DOUBLE INSULATED CABLE
10230179,CLIWS226-RG,CLI,CLIWS226-RG: Switch W/P 1 Gang IP66 16A 250V RG,EA,0.00,17.58,9311554643591,BAKELITE,DOMESTIC & ALLIED PRODUCTS,W/PROOF COMBINATIONS SWITCHES
10362030,SYABDF90TRIWH,SYA,SYABDF90TRIWH: ESTAR LED D/L FLUSH 240V 9W 3/4/5.7K DIMMABL WHITE F&P,EA,0.00,6.83,,LIGHT FITTINGS,LED LIGHT FITTINGS,LED LIGHT FITTINGS
10340031,AMPSB9032HD,AMP,AMPSB9032HD: Sweep Bend 32mm 90deg Heavy Duty Orange,EA,0.00,4.33,,PVC CONDUIT & FITTINGS,PVC CONDUIT FITTINGS,PVC CONDUIT CONN./FITTINGS
10218368,TRDTR6400,TRD,TRDTR6400: Rope Telstra 6mm x 400M Blue/Yell,RO,0.00,49.90,9323441035150,COMMUNICATION,TELSTRA NETWORK PRODUCTS,CABLE HAULING
10168491,HAGMSN132,HAG,HAGMSN132: MCB 1 Pole C Curve 6KA 250VAC 32A,EA,0.00,6.54,3250614323539,CIRCUIT BREAKERS,MINIATURE CIRCUIT BREAKER,MCB INDUSTRIAL
10031826,CLI3042VA-VW,CLI,CLI3042VA-VW: Switch 2 Gang Vert 10A 250V VW,EA,0.00,14.37,9311554785895,BAKELITE,ICONIC,SWITCHES
10108858,LEGED770/2HWE,LEG,LEGED770/2HWE: Switch 2 Gang Horiz 16A 250V WH,EA,0.00,13.19,9321001422860,BAKELITE,DOMESTIC & ALLIED PRODUCTS,SWITCHES
10047248,CLI563B/100,CLI,CLI563B/100: Connector Terminal Single 40A,EA,0.00,0.43,9311554794095,CABLE ACCESSORIES,CABLE CONNECTORS,CABLE CONNECTORS
10118288,OMEFC1-1.5TEB,OME,OMEFC1-1.5TEB: Cable Clip Flat 1-1.5mmsq T&E In Bucket,BU,0.00,17.24,9323441002961,CABLE ACCESSORIES,CABLE CLIPS,PLASTIC CABLE CLIPS
10081215,CLIC2015-WE,CLI,CLIC2015-WE: Powerpoint 1 Gang 10A 250V WH,EA,0.00,8.42,9311554334550,BAKELITE,DOMESTIC & ALLIED PRODUCTS,BAKELITE FAST MOVERS
10180884,OMEPBH725,OME,OMEPBH725: Screw Bugle Head 7g x 25mm,PK,0.00,3.43,9323441004231,TOOLS  FASTENERS  LADDERS & AC,FASTENERS,SCREWS
10317853,AIRCE200N,AIR,AIRCE200N: Fan Ceiling Exhaust  200Mm,EA,0.00,43.13,,HEATING & AIR MOVEMENT,FANS  AIR MOVEMENT,EXHAUST FAN & ACCESS. DOMESTIC
10109042,LEGED787WE,LEG,LEGED787WE: Powerpoint 1 Gang 10A 250V WH,EA,0.00,9.53,9321001396611,BAKELITE,DOMESTIC & ALLIED PRODUCTS,BAKELITE FAST MOVERS
10044948,AUS50HD,AUS,AUS50HD: Conduit PVC Solid 50mm x 4MT Orange,LN,0.00,31.16,9322537008016,PVC CONDUIT & FITTINGS,PVC RIGID CONDUIT,PVC RIGID CONDUIT HEAVY DUTY
10043572,PDL49WE,PDL,PDL49WE: Conical Shade White Polycarbonate,EA,0.00,4.25,9416175021329,LIGHT FITTINGS,INCANDESCENT LIGHT FITTINGS,INCANDESCENT LIGHT FITTINGS
10363076,MRCMX1210O-CCT,MRC,MRCMX1210O-CCT: FLETCHER LED  BUNKER CCT OVAL,EA,0.00,24.33,9312699218620,LIGHT FITTINGS,LED LIGHT FITTINGS,LED LIGHT FITTINGS
10081616,CLIC2032VH-WE,CLI,CLIC2032VH-WE: Wall Plate 2 Gang Grid & Plate WH,EA,0.00,6.03,9311554322908,BAKELITE,DOMESTIC & ALLIED PRODUCTS,PVC PLATES  GRIDS & MECHS
10255606,CLIMX9R3116,CLI,CLIMX9R3116: MAX9 RCBO 1PN C 16A 30MA A Slim,EA,0.00,44.80,9311554812690,CIRCUIT BREAKERS,CB RESIDUAL CURRENT DEVICE,RCD MINIATURE
10126478,AMPG35J,AMP,AMPG35J: Wall Plugs In Jar Green 35mmx12g(pk100),JR,0.00,8.33,9318861008495,TOOLS  FASTENERS  LADDERS & AC,FASTENERS,WALL PLUGS / STAR PLUGS
10191499,FNTRESPF250HP,FNT,FNTRESPF250HP: Rapid Response 250mm high performance fan 290mm cut out 150mm spigot,EA,0.00,150.10,9325971008581,HEATING & AIR MOVEMENT,FANS  AIR MOVEMENT,EXHAUST FAN & ACCESS. INDUSTRI
10031888,CLI3044HA-VW,CLI,CLI3044HA-VW: Switch 4 Gang Horiz 10A 250V VW,EA,0.00,33.36,9311554786106,BAKELITE,ICONIC,SWITCHES
10003222,MMR04MM-RP02,MMR,MMR04MM-RP02: Recessed Power Point Mnt Box With AV,EA,0.00,32.20,9322190029373,MATV PRODUCTS,MATV PRODUCTS,MATV ANTENNA ACCESSORIES
10221510,OMEUKF2-20,OME,OMEUKF2-20: Isolator SW 2P 20A 440VAC IP66 Grey,EA,0.00,16.88,9323441035440,INDUSTRIAL CONTROL,INDUSTRIAL SWITCHES,ISOLATOR MULTI PHASE SWITCH
10032402,CLI30M35HOB-WE,CLI,CLI30M35HOB-WE: Mech 35A 250V Hob WH,EA,0.00,35.93,9311554288044,BAKELITE,DOMESTIC & ALLIED PRODUCTS,PVC PLATES  GRIDS & MECHS
10195255,PHIS10,PHI,PHIS10: Starter Fluorescent 4- 65W (Box Of 25),EA,0.00,1.29,8711500697691,LIGHTING CONTROL GEAR,FLOURESCENT CONTROL GEAR,FLUORESCENT STARTERS
10180882,OMEPBH720,OME,OMEPBH720: Screw Bugle Head 7g x 20mm,PK,0.00,4.01,9323441004224,TOOLS  FASTENERS  LADDERS & AC,FASTENERS,SCREWS
10022456,CLI2031VX-WE,CLI,CLI2031VX-WE: Switch Blank Grid & Plate WH,EA,0.00,4.61,9311554045906,BAKELITE,DOMESTIC & ALLIED PRODUCTS,PVC PLATES  GRIDS & MECHS
10086788,AUSCD2516WH,AUS,AUSCD2516WH: Trunking PVC Mini Duct 25 x 16mm White,EA,0.00,21.51,9322537020186,PVC DUCTING & FITTINGS,PVC SOLID DUCT & FITTINGS,PVC SOLID DUCT & FITTINGS
10081520,CLIC2031VA-WE,CLI,CLIC2031VA-WE: Switch 1 Gang Vert 10A 250V WH,EA,0.00,8.44,9311554321475,BAKELITE,DOMESTIC & ALLIED PRODUCTS,BAKELITE FAST MOVERS
10095427,OMECT200W4CK,OME,OMECT200W4CK: Cable Tie 200 x 4.8mm Outdoor (1000PK),PK,0.00,50.81,9323441004156,CABLE ACCESSORIES,CABLE TIES,CABLE TIES
10255608,CLIMX9R3120,CLI,CLIMX9R3120: MAX9 RCBO 1PN C 20A 30MA A Slim,EA,0.00,44.80,9311554812713,CIRCUIT BREAKERS,CB RESIDUAL CURRENT DEVICE,RCD MINIATURE
10190780,CLIRCBE225/30S,CLI,CLIRCBE225/30S: RCBO 1 Pole C Curve 30MA 4.5KA 25A,EA,0.00,29.51,9311554758967,CIRCUIT BREAKERS,CB RESIDUAL CURRENT DEVICE,RCD MINIATURE
10032318,CLI30FFPFMS-WE,CLI,CLI30FFPFMS-WE: Mech PAL To F WH,EA,0.00,8.21,9311554679316,BAKELITE,DOMESTIC & ALLIED PRODUCTS,COMP./TELE/TV SOCKETS & PLATES
10097868,SUOD5012500,SUO,SUOD5012500: Drill Bit Spade 25mm,EA,0.00,23.78,9311963007908,TOOLS  FASTENERS  LADDERS & AC,TOOLS,DRILL BITS
10152543,SYALGS10TC/B22,SYA,SYALGS10TC/B22: Opal Lamp 9.5W TC Nondim B22,EA,0.00,6.28,,LIGHT SOURCE (LAMPS & TUBES),LED LAMPS,LED LAMPS
10317855,AIRCEF40N-WE,AIR,AIRCEF40N-WE: Fan Ceiling Duct  Exhaust,EA,0.00,97.58,,HEATING & AIR MOVEMENT,FANS  AIR MOVEMENT,EXHAUST FAN & ACCESS. DOMESTIC
10190650,AUSRC25HDSOLAR,AUS,AUSRC25HDSOLAR: Conduit PVC HD Solar Solid 25mm x 4MT,LN,0.00,11.27,9322537031823,PVC CONDUIT & FITTINGS,PVC RIGID CONDUIT,PVC RIGID CONDUIT HEAVY DUTY
10138283,TDRHYMF,TDR,TDRHYMF: Mounting Block 41mm WH,EA,0.00,3.56,9349703002692,BAKELITE,DOMESTIC & ALLIED PRODUCTS,MOUNTING BLOCKS
10046849,CLI559/3-WE,CLI,CLI559/3-WE: Junction Box Mini 25x75x35mm WH,EA,0.00,6.82,9311554190200,BAKELITE,DOMESTIC & ALLIED PRODUCTS,JUNCTION BOXES
10275693,CLI42ELEDM2-VW,CLI,CLI42ELEDM2-VW: 40 Series Rotary LED Dimmer Module 150W,EA,0.00,59.93,9311554815752,BAKELITE,DOMESTIC & ALLIED PRODUCTS,CONTROLLERS - DIMMERS / FANS
10079485,AUSBU50WH,AUS,AUSBU50WH: 50mm ID NBN/Tels Bush/Bell Coup,EA,0.00,1.53,,PVC CONDUIT & FITTINGS,PVC CONDUIT FITTINGS,PVC CONDUIT CONN./FITTINGS
10084665,OMECAN-TAG,OME,OMECAN-TAG: Pit Can ID Tag Telstra (100),EA,0.00,0.33,9323441007973,COMMUNICATION,TELSTRA NETWORK PRODUCTS,MDU DEVICES
10135005,TDRHPPP2G,TDR,TDRHPPP2G: P/Point W/P Surf 2g IP54 10A 250V Grey,EA,0.00,27.91,9349703000087,BAKELITE,DOMESTIC & ALLIED PRODUCTS,W/PROOF COMBINATIONS SWITCHES
10221413,OMEUGWT150-100,OME,OMEUGWT150-100: Tape Warning U/G Elec 150mm x 100MTR RED,CL,0.00,20.67,9323441020323,TAPES  SEALANTS & LUBRICANTS,TAPES,TAPES
10260659,BSK30840491,BSK,BSK30840491: Bostik PVC Pipe Cement Type N Clear 250L,EA,0.00,10.36,9310492260396,TAPES  SEALANTS & LUBRICANTS,ADHESIVES/SEALANTS,ADHESIVES/SEALANTS
10229335,LEGWL777LG,LEG,LEGWL777LG: P/Point W/P Surf 2g IP53 10A 250V Grey,EA,0.00,29.98,9321001484103,BAKELITE,DOMESTIC & ALLIED PRODUCTS,W/PROOF COMBINATIONS SWITCHES
10240535,AMPJB252,AMP,AMPJB252: Junction Box 25mm Two Way Box 10,EA,0.00,2.28,9323441039080,PVC CONDUIT & FITTINGS,PVC CONDUIT FITTINGS,PVC CONDUIT CONN./FITTINGS
10192974,CLIRMXPH112,CLI,CLIRMXPH112: Busbar Resi Max 1P 12 Mod 1P+N 80A,EA,0.00,34.62,3606480795763,BAKELITE,CONSUMER FUSE & SWITCHBOARDS,CONSUMER SWITCHBOARD-DIN/PORC.
10307236,SYASES7070/2TC/BK,SYA,SYASES7070/2TC/BK: Twin Sensor  Spot Stargem IV 2X12W 3/4/5K,EA,0.00,75.02,,LIGHT FITTINGS,LED LIGHT FITTINGS,LED LIGHT FITTINGS
10221511,OMEUKF2-35,OME,OMEUKF2-35: Isolator SW 2P 35A 440VAC IP66 Grey,EA,0.00,17.66,9323441035457,INDUSTRIAL CONTROL,INDUSTRIAL SWITCHES,ISOLATOR MULTI PHASE SWITCH
10035593,HPM366LYWE,HPM,HPM366LYWE: Batten Holders White,EA,0.00,4.66,9321001013884,BAKELITE,DOMESTIC & ALLIED PRODUCTS,BAKELITE FAST MOVERS
10200811,SYASES7080/2TC/BK,SYA,SYASES7080/2TC/BK: LED Flood W/Sen 2x15w IP54 TC Black,EA,0.00,77.81,9328623119413,LIGHT FITTINGS,LED LIGHT FITTINGS,LED LIGHT FITTINGS
10187729,TDRPUSW1G,TDR,TDRPUSW1G: Switch 1 Gang 16A 250V WH,EA,0.00,9.73,9349703004498,BAKELITE,DOMESTIC & ALLIED PRODUCTS,SWITCHES
10328097,TBXELONDL115-WH-3C,TBX,TBXELONDL115-WH-3C: ELON  DOWNLIGHT 9W 3CCT DIM WHITE,EA,0.00,7.08,,LIGHT FITTINGS,LED LIGHT FITTINGS,LED LIGHT FITTINGS
10297300,SYASL9732/40TC/DP3,SYA,SYASL9732/40TC/DP3: LED Batten Ecoline III 20/40W 1135 x 65mm CCT 3/4/5.7K,EA,0.00,58.34,,LIGHT FITTINGS,LED LIGHT FITTINGS,LED LIGHT FITTINGS
10121669,TDRFLPP2G,TDR,TDRFLPP2G: Powerpoint 2 Gang 10A 250V WH,EA,0.00,12.21,9349703009448,BAKELITE,DOMESTIC & ALLIED PRODUCTS,COMBINATIONS
10168601,THTMSPRO,THT,THTMSPRO: Sensor Surf PIR IP66 120D 10A 250V WH,EA,0.00,45.05,9323441037826,BAKELITE,ELECTRONIC PRODUCTS,PIR SENSOR / SURGE ARRESTOR
10108883,LEGED770/3HWE,LEG,LEGED770/3HWE: Switch 3 Gang Horiz 16A 250V WH,EA,0.00,24.33,9321001422877,BAKELITE,DOMESTIC & ALLIED PRODUCTS,SWITCHES
10179566,OMEP5GASKET,OME,OMEP5GASKET: Pit Poly Gasket P5,EA,0.00,7.14,9323441002756,COMMUNICATION,TELSTRA NETWORK PRODUCTS,TELSTRA PITS
10025907,CLI230DRAVL,CLI,CLI230DRAVL: Meter Box 21 Mod With Fuse Lock (VIC),EA,0.00,228.82,9311554757748,AERIAL CABLE & DISTR. PARTS,METER BOXES,METER BOXES
10230247,CLIWSC227/1-RG,CLI,CLIWSC227/1-RG: P/Point W/P Surf 1g IP53 10A 250V RG,EA,0.00,24.04,9311554643942,BAKELITE,DOMESTIC & ALLIED PRODUCTS,W/PROOF COMBINATIONS SWITCHES
10225263,VNAVHL275,VNA,VNAVHL275: Heat Globe 275W,EA,0.00,14.58,9339310007401,LIGHT SOURCE (LAMPS & TUBES),HALOGEN DICHROIC Q.I. LAMPS,HALOGEN DICHROIC Q.I. LAMPS
10031739,CLI3040-VW,CLI,CLI3040-VW: Switch Blank Grid & Plate VW,EA,0.00,6.18,9311554785529,BAKELITE,ICONIC,PVC PLATES  GRIDS & MECHS
10100877,OMEDFE100BS,OME,OMEDFE100BS: Flashing Premium #0 OD 0-35mm 100x100 BK,EA,0.00,7.79,9316867051828,CABLE ACCESSORIES,INSULATION,INSULATING MATERIALS
10107780,OMEEC130L,OME,OMEEC130L: Earth Clip lge; 13mm E/Rod T/S cond4-10mm,EA,0.00,3.13,9323441005399,CABLE ACCESSORIES,EARTH RODS,EARTH RODS
10204929,OMESMDW22-6TK,OME,OMESMDW22-6TK: Heatshrink Adhesive 22-6mm 1.2MT Black,LN,0.00,16.88,9323441027513,CABLE ACCESSORIES,HEATSHRINK,HEAT SHRINK
10124995,ETCFT2CE7067,ETC,ETCFT2CE7067: Cable Flat 2 Core & Earth 2.5mm TPS,MT,0.00,2.42,,CABLE,PVC POWER CABLE,FLAT  TPS  POWER CABLE
10187684,TDRPUPP1G,TDR,TDRPUPP1G: Powerpoint 1 Gang 10A 250V WH,EA,0.00,10.33,9349703004740,BAKELITE,DOMESTIC & ALLIED PRODUCTS,COMBINATIONS
10240537,AMPJB253,AMP,AMPJB253: Junction Box 25mm Three Way Box 10,EA,0.00,2.28,9323441039103,PVC CONDUIT & FITTINGS,PVC CONDUIT FITTINGS,PVC CONDUIT CONN./FITTINGS
10144954,HAGKDN180A,HAG,HAGKDN180A: Busbar 1PH 12 Mod 80A,EA,0.00,26.52,3250613740986,DISTRIBUTION BOARDS,DISTRIBUTION BOARD ACCESSORIES,EARTH & NEUTRAL BARS LINE TAPS
10187752,TDRPUSWPV1G,TDR,TDRPUSWPV1G: Switch 1 Gang Grid & Plate WH,EA,0.00,5.92,9349703004375,BAKELITE,DOMESTIC & ALLIED PRODUCTS,PVC PLATES  GRIDS & MECHS
10168493,HAGMSN150,HAG,HAGMSN150: MCB 1 Pole C Curve 6KA 250VAC 50A,EA,0.00,10.36,3250613810139,CIRCUIT BREAKERS,MINIATURE CIRCUIT BREAKER,MCB INDUSTRIAL
10022435,CLI2031VH-WE,CLI,CLI2031VH-WE: Switch 1 Gang Grid & Plate WH,EA,0.00,4.50,9311554045173,BAKELITE,DOMESTIC & ALLIED PRODUCTS,PVC PLATES  GRIDS & MECHS
10255557,CLIMX9EF8,CLI,CLIMX9EF8: Clipsal Enclosure Pole Filler 8 Modules,EA,0.00,8.64,9311554814892,BAKELITE,CONSUMER FUSE & SWITCHBOARDS,CONSUMER SWITCHBOARD-DIN/PORC.
10366548,RENHBT100200-160,REN,RENHBT100200-160: Highbay multi-wattage IP65 CCT 3/4/5K,EA,0.00,157.59,,LIGHT FITTINGS,LED LIGHT FITTINGS,LED HIBAY LIGHT FITTINGS
10168492,HAGMSN140,HAG,HAGMSN140: MCB 1 Pole C Curve 6KA 250VAC 40A,EA,0.00,6.53,3250614323546,CIRCUIT BREAKERS,MINIATURE CIRCUIT BREAKER,MCB INDUSTRIAL
10081454,CLIC2030-WE,CLI,CLIC2030-WE: Switch 1 Gang Arch 10A 250V WH,EA,0.00,10.22,9311554376116,BAKELITE,DOMESTIC & ALLIED PRODUCTS,SWITCHES
10031856,CLI3043VA-VW,CLI,CLI3043VA-VW: Switch 3 Gang Vert 10A 250V VW,EA,0.00,23.93,9311554786045,BAKELITE,ICONIC,SWITCHES
10172318,AUSNBNLSB50WH,AUS,AUSNBNLSB50WH: Bend 50mm ID 90 Deg NBN 305mm RAD,EA,0.00,18.62,,PVC CONDUIT & FITTINGS,PVC CONDUIT FITTINGS,PVC CONDUIT CONN./FITTINGS
10187619,TDRPUBIG4,TDR,TDRPUBIG4: Powerpoint 4 Gang 10A 250V D/Pole WH,EA,0.00,44.76,,BAKELITE,DOMESTIC & ALLIED PRODUCTS,COMBINATIONS
10233100,OMEXLP13-4WH,OME,OMEXLP13-4WH: Heatshrink 13- 6.4mm 1.2MT White,LN,0.00,5.20,9323441032203,CABLE ACCESSORIES,HEATSHRINK,HEAT SHRINK
10187706,TDRPUPPSW2G,TDR,TDRPUPPSW2G: Powerpoint 2 Gang Ex SW 10A 250V WH,EA,0.00,33.49,9349703004849,BAKELITE,DOMESTIC & ALLIED PRODUCTS,COMBINATIONS
10066829,HAGADC925T,HAG,HAGADC925T: RCBO 1M 1P+N 6KA C-25A 30MA A,EA,0.00,40.78,3250611033370,CIRCUIT BREAKERS,CB RESIDUAL CURRENT DEVICE,RCD MINIATURE
10033484,OME32,OME,OME32: Cable Gland Nylon 32mm IP68 18-25mm OD,EA,0.00,4.19,9323441000059,CABLE ACCESSORIES,GLANDS,PVC CABLE GLANDS
10245751,RSMR240,RSM,RSMR240: Smoke Alarm 240V W/ Battery Backup,EA,0.00,36.32,9369998320875,SIGHT & SOUND PRODUCTS,SMOKE DETECTORS,SMOKE DETECTORS
10124870,PIRFT2C7050,PIR,PIRFT2C7050: Cable Flat 2 Core 1.5mm Twin Active,MT,0.00,1.76,9310835900538,CABLE,PVC POWER CABLE,FLAT  TPS  POWER CABLE
10031860,CLI3043VH-VW,CLI,CLI3043VH-VW: Switch 3 Gang Grid & Plate VW,EA,0.00,9.41,9311554793234,BAKELITE,ICONIC,PVC PLATES  GRIDS & MECHS
10142666,AUSJC20IDWH,AUS,AUSJC20IDWH: PVC Coupling 20mm NBN Comms White,EA,0.00,0.63,,COMMUNICATION,TELSTRA NETWORK PRODUCTS,TELSTRA CONDUIT
10163133,OMEMEECT,OME,OMEMEECT: Earthing Conductor Tag,EA,0.00,1.91,9323441008185,CABLE ACCESSORIES,TEST TAGS,TEST TAGS
10198856,TRDSC2530,TRD,TRDSC2530: Girder Clip Spring 25-32mm,EA,0.00,0.44,9323441014162,CABLE ACCESSORIES,CABLE CLIPS,CABLE CLIPS METAL
10255572,CLIMX9MC163,CLI,CLIMX9MC163: MAX9 MCB 1 POLE C CURVE 6KA 240VAC 63A,EA,0.00,6.67,9311554813673,CIRCUIT BREAKERS,MINIATURE CIRCUIT BREAKER,MCB INDUSTRIAL
10250484,LENEFD310R,LEN,LENEFD310R: Ex Fan Ceiling Rnd Grille 295mm Cutout T,EA,0.00,72.58,9323441001032,HEATING & AIR MOVEMENT,FANS  AIR MOVEMENT,EXHAUST FAN & ACCESS. DOMESTIC
10280080,OMEPR10,OME,OMEPR10: Plug 3P 10 Rewireable  Transparent,EA,0.00,3.23,,BAKELITE,DOMESTIC & ALLIED PRODUCTS,PLUGS  BASES  ROSES & SOCKETS
10340030,AMPSB9025HD,AMP,AMPSB9025HD:  Sweep Bend 25mm 90deg Heavy Duty Orange,EA,0.00,3.39,,PVC CONDUIT & FITTINGS,PVC CONDUIT FITTINGS,PVC CONDUIT CONN./FITTINGS
10086499,TRDCCH3210,TRD,TRDCCH3210: CONDUIT CORR 32MM HD ORG 10M PVC,CL,0.00,42.38,9323441038076,PVC CONDUIT & FITTINGS,PVC CORRUGATED CONDUIT-HD-LD,PVC HEAVY DUTY CORRUGATED COND
10081605,CLIC2032VA-WE,CLI,CLIC2032VA-WE: Switch 2 Gang Vert 10A 250V WH,EA,0.00,13.80,9311554321352,BAKELITE,DOMESTIC & ALLIED PRODUCTS,BAKELITE FAST MOVERS
10108200,CLEECFLED-LI,CLE,CLEECFLED-LI: Cleverfit Economy LED Exit Ss&Ds Lithium,EA,0.00,81.90,9332274033165,LIGHT FITTINGS,LED LIGHT FITTINGS,LED EMERGENCY LIGHT FITTINGS
10135456,TRDHS32,TRD,TRDHS32: Saddle Half Zinc 32mm,EA,0.00,0.46,9323441014124,BAKELITE,DOMESTIC & ALLIED PRODUCTS,SADDLES  CONDUIT FIXING
10255569,CLIMX9MC132,CLI,CLIMX9MC132: MAX9 MCB 1 POLE C CURVE 6KA 240VAC 32A,EA,0.00,5.43,,CIRCUIT BREAKERS,MINIATURE CIRCUIT BREAKER,MCB INDUSTRIAL
10214643,GARTCW24BKWH,GAR,GARTCW24BKWH: Cable Fig 8 Speaker Wire 2X 24/0.2 BK/WH,MT,0.00,0.95,9329849003654,CABLE,SUNDRY CABLES,HOOK UP & BELL WIRE
10000949,OME008PLC2,OME,OME008PLC2: Enclosure ABS IP66 150x110x70mm Opaque,EA,0.00,16.12,8017521111278,ENCLOSURES,NON METAL ENCLOSURES,NON-METAL ENCLOSURE
10026125,CLI238/25-WE,CLI,CLI238/25-WE: Mounting Box 25mm End Entry WH,EA,0.00,16.66,9311554089917,BAKELITE,DOMESTIC & ALLIED PRODUCTS,WALL FLOOR BOX & BRACKETS
10340032,AMPSB9040HD,AMP,AMPSB9040HD: Sweep Bend 40mm 90deg Heavy Duty Orange,EA,0.00,6.10,,PVC CONDUIT & FITTINGS,PVC CONDUIT FITTINGS,PVC CONDUIT CONN./FITTINGS
10187771,TDRPUSWPVXG,TDR,TDRPUSWPVXG: Switch Blank Grid & Plate WH,EA,0.00,5.92,9349703004368,BAKELITE,DOMESTIC & ALLIED PRODUCTS,PVC PLATES  GRIDS & MECHS
10000989,OME009APLC2,OME,OME009APLC2: Enclosure ABS IP66 190x140x70mm Opaque,EA,0.00,24.43,8017521111513,ENCLOSURES,NON METAL ENCLOSURES,NON-METAL ENCLOSURE
10112170,LEGEMPFWE,LEG,LEGEMPFWE: Mech PAL To F WH,EA,0.00,7.39,9321001399889,BAKELITE,DOMESTIC & ALLIED PRODUCTS,COMP./TELE/TV SOCKETS & PLATES
10187732,TDRPUSW2G,TDR,TDRPUSW2G: Switch 2 Gang 16A 250V WH,EA,0.00,15.05,9349703004504,BAKELITE,DOMESTIC & ALLIED PRODUCTS,SWITCHES
10239156,AMPC50,AMP,AMPC50: Coupling 50mm Grey Box 10,EA,0.00,6.76,9323441039172,PVC CONDUIT & FITTINGS,PVC CONDUIT FITTINGS,PVC CONDUIT CONN./FITTINGS
10081646,CLIC2033HA-WE,CLI,CLIC2033HA-WE: Switch 3 Gang Horiz 10A 250V WH,EA,0.00,22.07,9311554343828,BAKELITE,DOMESTIC & ALLIED PRODUCTS,SWITCHES
10040018,CLI413-WE,CLI,CLI413-WE: Socket Plug Base Surf Mount 10A 250V WH,EA,0.00,3.93,9311554065607,BAKELITE,DOMESTIC & ALLIED PRODUCTS,BAKELITE FAST MOVERS
10306470,AMPCB25,AMP,AMPCB25: Bend 90 Deg 25mm Grey,EA,0.00,2.00,,PVC CONDUIT & FITTINGS,PVC CONDUIT FITTINGS,PVC CONDUIT CONN./FITTINGS
10041840,CLI449ASD-WE,CLI,CLI449ASD-WE: Mounting Spacer 14mm WH,EA,0.00,6.77,9311554067601,BAKELITE,DOMESTIC & ALLIED PRODUCTS,MOUNTING BLOCKS
10255604,CLIMX9R3110,CLI,CLIMX9R3110: MAX9 RCBO 1PN C 10A 30MA A Slim,EA,0.00,44.80,9311554812676,CIRCUIT BREAKERS,CB RESIDUAL CURRENT DEVICE,RCD MINIATURE
10038450,OME40013529,OME,OME40013529: Fluoro Marking Paint 350g Pink Dy-Mark,EA,0.00,8.97,9321126000257,TOOLS  FASTENERS  LADDERS & AC,TOOLS,TOOL ACCESSORIES
10233096,OMEXLP13-4BL,OME,OMEXLP13-4BL: Heatshrink 13- 6.4mm 1.2MT Blue,LN,0.00,5.20,9323441032166,CABLE ACCESSORIES,HEATSHRINK,HEAT SHRINK
10181096,OMEPBUTH812,OME,OMEPBUTH812: Screw Button Head 8g x 12mm,PK,0.00,15.61,9323441004316,TOOLS  FASTENERS  LADDERS & AC,FASTENERS,SCREWS
10096605,OMECW7090R,OME,OMECW7090R: Catenary Wire Galv 7 Strand 0.9mm 180MT,DR,0.00,52.98,9323441016265,CABLE ACCESSORIES,HANGERS/SUPPORTS,HANGERS/SUPPORTS
10039631,CLI40M32COOK-VW,CLI,CLI40M32COOK-VW: Mech 35A 250V Cooker VW,EA,0.00,38.49,9311554786533,BAKELITE,DOMESTIC & ALLIED PRODUCTS,PVC PLATES  GRIDS & MECHS
10059982,CLI90B-BK,CLI,CLI90B-BK: Shroud Standard Pattern,EA,0.00,6.53,9311554073930,BAKELITE,DOMESTIC & ALLIED PRODUCTS,PVC PLATES  GRIDS & MECHS
10130184,SYAGU10L550TC,SYA,SYAGU10L550TC: LED Lamp GU10 6W 240V 3/4/6K,EA,0.00,8.24,,LIGHT SOURCE (LAMPS & TUBES),LED LAMPS,LED LAMPS
10031188,NLS30048,NLS,NLS30048: Standard Mounting Block 35mm,EA,0.00,1.96,,BAKELITE,DOMESTIC & ALLIED PRODUCTS,MOUNTING BLOCKS
10168514,HAGMSN363,HAG,HAGMSN363: MCB 3 Pole C Curve 6KA 415VAC 63A,EA,0.00,44.75,3250613810184,CIRCUIT BREAKERS,MINIATURE CIRCUIT BREAKER,MCB INDUSTRIAL
10296884,OMEDUECAT6-305GY,OME,OMEDUECAT6-305GY: Cable Data Cat 6 Utp 4Pr PVC 305m Box Grey,BX,0.00,198.25,,DATA COMMUNICATION,DATA & COMMS CABLE,CAT CABLE
10255558,CLIMX9ELG,CLI,CLIMX9ELG: Clipsal Enclosure Green Label,EA,0.00,1.44,9311554814854,DISTRIBUTION BOARDS,INDUSTRIAL SWITCHBOARD CUBICLE,ACCESSORIES FOR IND. SWITCHBOA
10114295,EZYET3150G,EZY,EZYET3150G: Tray Ladder GB 150mm x 3MT,LN,0.00,43.01,9336181012626,CABLE CARRYING & SUPPORT,LADDER TRAY & FITTINGS,METAL LADDER TRAY
10176988,TRDOMZA400,TRD,TRDOMZA400: Zinc All - 400g Aerosol,EA,0.00,15.69,9323441003661,TAPES  SEALANTS & LUBRICANTS,LUBRICANTS,LUBRICANTS
10301873,SYAS9141TC2WH,SYA,SYAS9141TC2WH: Tradegem II LED Downlight 9W 3/4/5.7K Dimmable,EA,0.00,15.21,9328623130838,LIGHT FITTINGS,LED LIGHT FITTINGS,LED LIGHT FITTINGS
10126346,AMPG25J,AMP,AMPG25J: Wall Plugs In Jar Green 25mmx12g (200 pack),JR,0.00,11.51,9318861008488,TOOLS  FASTENERS  LADDERS & AC,FASTENERS,WALL PLUGS / STAR PLUGS
10205765,OMESP-B,OME,OMESP-B: Wallmate Nylon AMPSPB,BX,0.00,27.97,9323441005917,TOOLS  FASTENERS  LADDERS & AC,FASTENERS,SPECIALITY FASTENERS
10188034,VNAPVPXHF250RD,VNA,VNAPVPXHF250RD: Airbus 250 White Round Exhaust Fan PVPXHF250RDR,EA,0.00,177.64,9339310010616,HEATING & AIR MOVEMENT,FANS  AIR MOVEMENT,EXHAUST FAN & ACCESS. DOMESTIC
10138280,TDRHYJB4TF,TDR,TDRHYJB4TF: Junction Box 68x99x47mm WH,EA,0.00,4.37,9349703012370,BAKELITE,DOMESTIC & ALLIED PRODUCTS,JUNCTION BOXES
10255570,CLIMX9MC140,CLI,CLIMX9MC140: MAX9 MCB 1 POLE C CURVE 6KA 240VAC 40A,EA,0.00,6.67,,CIRCUIT BREAKERS,MINIATURE CIRCUIT BREAKER,MCB INDUSTRIAL
10187697,TDRPUPP2USB2GAC,TDR,TDRPUPP2USB2GAC: Dual USB Charger Power Point,EA,0.00,87.34,9349703021525,BAKELITE,DOMESTIC & ALLIED PRODUCTS,COMBINATIONS
10112204,LEGEMRJ45C6WE,LEG,LEGEMRJ45C6WE: Mech RJ45 Jack C6 White,EA,0.00,11.83,9321001400035,DATA COMMUNICATION,CONNECTION METHODS,CONNECTION METHODS
10242002,AMPRP3225,AMP,AMPRP3225: Reducer 32-25mm Grey Box 50,EA,0.00,1.56,,PVC CONDUIT & FITTINGS,PVC CONDUIT FITTINGS,PVC CONDUIT CONN./FITTINGS
10181625,OCEPCERT,OCE,OCEPCERT: Prescribed Certificate/Electrical Safety,EA,0.00,42.00,,MISCELLANEOUS,MISCELLANEOUS,OCEI CERTIFICATES
10079462,AUSBU20WH,AUS,AUSBU20WH: Bush 20mm White,EA,0.00,0.74,,PVC CONDUIT & FITTINGS,PVC CONDUIT FITTINGS,PVC CONDUIT CONN./FITTINGS
10113181,FNTEPFL150,FNT,FNTEPFL150: Plastic Fixed Louvre 150 Dia C/W Flywire,EA,0.00,17.85,932597100830,HEATING & AIR MOVEMENT,FANS  AIR MOVEMENT,EXHAUST FAN & ACCESS. INDUSTRI
10361325,AGY1150,AGY,AGY1150: DC Solar Label Kit  V3 - New As/Nzs 5033,EA,0.00,24.19,,POWER SUPPLY,POWER SUPPLY SOLAR,SOLAR ACCESSORIES
10233044,OMEXLP10-4BK,OME,OMEXLP10-4BK: Heatshrink 10- 4.8mm 1.2MT Black,LN,0.00,5.06,9323441031800,CABLE ACCESSORIES,HEATSHRINK,HEAT SHRINK
10015969,OME16,OME,OME16: Cable Gland Nylon 16mm IP68 5-10mm OD,EA,0.00,1.33,9323441000028,CABLE ACCESSORIES,GLANDS,PVC CABLE GLANDS
10031552,CLI3025USBAC-VW,CLI,CLI3025USBAC-VW: Socket SW Hor Twin 1XEX2USBCHRG A+C,EA,0.00,88.58,9311554799632,BAKELITE,ICONIC,COMBINATIONS
10240518,AMPIT25,AMP,AMPIT25: Inspection Tee 25mm Grey Box 10,EA,0.00,2.08,,PVC CONDUIT & FITTINGS,PVC CONDUIT FITTINGS,PVC CONDUIT CONN./FITTINGS
10320245,AGY1091,AGY,AGY1091: 2 C 4Mm Solar DC Cable Tonglin Iec 62930,RL,0.00,190.29,,CABLE,PVC POWER CABLE,CABLE SOLAR
10176387,OMEOCCQS6-100,OME,OMEOCCQS6-100: Cable RG6 Coax Quad Shield 100M Reel BK,DR,0.00,53.96,9323441005221,DATA COMMUNICATION,DATA & COMMS CABLE,COAXIAL CABLE
10240527,AMPJB202,AMP,AMPJB202: Junction Box 20mm Two Way Box 10,EA,0.00,2.28,9323441039073,PVC CONDUIT & FITTINGS,PVC CONDUIT FITTINGS,PVC CONDUIT CONN./FITTINGS
10363617,HALVIVA-LP,HAL,HALVIVA-LP: VIVA LOW PROFILE  (38mm) LED 8W FIXED D/L  TRITONE DIMMABLE,EA,0.00,11.02, 9353931008487,LIGHT FITTINGS,LED LIGHT FITTINGS,LED LIGHT FITTINGS
10081256,CLIC2015D4-WE,CLI,CLIC2015D4-WE: Powerpoint 4 Gang 10A 250V D/Pole WH,EA,0.00,38.61,9311554401719,BAKELITE,DOMESTIC & ALLIED PRODUCTS,COMBINATIONS
10221414,OMEUGWT150-50,OME,OMEUGWT150-50: Tape Warning U/ G Elec 150mm x 50MT RED,CL,0.00,16.53,9323441039684,TAPES  SEALANTS & LUBRICANTS,TAPES,TAPES
10233145,OMEXLP20-4BK,OME,OMEXLP20-4BK: Heatshrink 20- 9.5mm 1.2MT Black,LN,0.00,6.24,9323441032432,CABLE ACCESSORIES,HEATSHRINK,HEAT SHRINK
10255592,CLIMX9MC363,CLI,CLIMX9MC363: MAX9 MCB 3 POLE C CURVE 6KA 415VAC 63A,EA,0.00,45.81,9311554814038,CIRCUIT BREAKERS,MINIATURE CIRCUIT BREAKER,MCB INDUSTRIAL
10282671,OMEPB1M,OME,OMEPB1M: Plug Base 10A 3Pin 59Mm Dia,EA,0.00,2.52,,BAKELITE,DOMESTIC & ALLIED PRODUCTS,PLUGS  BASES  ROSES & SOCKETS
10125031,ETCFT2CE7085,ETC,ETCFT2CE7085: Cable Flat 2 Core & Earth 4.0mm,MT,0.00,4.01,,CABLE,PVC POWER CABLE,FLAT  TPS  POWER CABLE
10157318,SYALT8/120TC,SYA,SYALT8/120TC: LED Tube 18W 1200mm 3/4/6K,EA,0.00,13.56,,LIGHT SOURCE (LAMPS & TUBES),LED LAMPS,LED LAMPS
10248646,ETCOC4CE7170/500,ETC,ETCOC4CE7170/500: Cable Orange Circular 4 C & E 16mm,EA,0.00,24.89,,CABLE,PVC POWER CABLE,ORANGE CIRCULAR CABLE
10260648,BSK30840464,BSK,BSK30840464: Bostik PVC Pipe Cement Type N Blue 500ml,EA,0.00,9.88,,TAPES  SEALANTS & LUBRICANTS,ADHESIVES/SEALANTS,ADHESIVES/SEALANTS
10039775,IPM50201073,IPM,IPM50201073: P5 Cover Composite Smart Telstra Class B  647x397x50mm,EA,0.00,103.96,,COMMUNICATION,TELSTRA NETWORK PRODUCTS,TELSTRA PIT LIDS
10142948,TRDJL3-1000,TRD,TRDJL3-1000: Rope Pull Line Poly 3mm x 1000M Orange,RO,0.00,73.67,9323441036126,COMMUNICATION,TELSTRA NETWORK PRODUCTS,CABLE HAULING
10172476,OCENCERT,OCE,OCENCERT: Non Prescribed Certificate/Elect Safety,EA,0.00,10.00,,MISCELLANEOUS,MISCELLANEOUS,OCEI CERTIFICATES
10260647,BSK30840463,BSK,BSK30840463: Bostik PVC Pipe Cement Type N Blue 250ml,EA,0.00,7.53,9310492259970,TAPES  SEALANTS & LUBRICANTS,ADHESIVES/SEALANTS,ADHESIVES/SEALANTS
10081707,CLIC2034VH-WE,CLI,CLIC2034VH-WE: Switch 4 Gang Grid & Plate WH,EA,0.00,9.16,9311554325022,BAKELITE,DOMESTIC & ALLIED PRODUCTS,PVC PLATES  GRIDS & MECHS
10135656,TRDHSHDG25,TRD,TRDHSHDG25: Saddle Half 25mm HDG,EA,0.00,0.67,9323441016968,BAKELITE,DOMESTIC & ALLIED PRODUCTS,SADDLES  CONDUIT FIXING
10001153,OME010APLC2,OME,OME010APLC2: Enclosure ABS IP66 240x190x90mm Opaque,EA,0.00,47.29,8017521111520,ENCLOSURES,NON METAL ENCLOSURES,NON-METAL ENCLOSURE
10081665,CLIC2033VH-WE,CLI,CLIC2033VH-WE: Switch 3 Gang Grid & Plate WH,EA,0.00,7.36,9311554323882,BAKELITE,DOMESTIC & ALLIED PRODUCTS,PVC PLATES  GRIDS & MECHS
10192969,CLIRMXPC1,CLI,CLIRMXPC1: Cable Connector Resi Max 1 Mod (4),EA,0.00,21.31,3606480795831,BAKELITE,CONSUMER FUSE & SWITCHBOARDS,CONSUMER SWITCHBOARD-DIN/PORC.
10041168,CLI439S15-TR,CLI,CLI439S15-TR: Plug Top Straight 15A 250V Trans,EA,0.00,9.88,9311554596026,BAKELITE,DOMESTIC & ALLIED PRODUCTS,PLUGS  BASES  ROSES & SOCKETS
10376975,OMEJB6,OME,OMEJB6: FND Junction Box Large 100x70x48mm Quarter Turn white,EA,0.00,2.81,,ENCLOSURES,ADAPTABLE BOXES & J BOXES,ADAPTABLE BOXES & J BOXES
10022411,CLI2031VA-WE,CLI,CLI2031VA-WE: Switch 1 Gang Vert 10A 250V WH,EA,0.00,8.44,9311554000783,BAKELITE,DOMESTIC & ALLIED PRODUCTS,BAKELITE FAST MOVERS
10398078,RESPG250RNWH,FNT,FNTRESPG250RNWH: Response Grille To Suit 250 Exhaust Fan Round  White,EA,0.00,19.63,9325971000530,HEATING & AIR MOVEMENT,FANS  AIR MOVEMENT,EXHAUST FAN & ACCESS. INDUSTRI
10047254,CLI563K16,CLI,CLI563K16: Connector Insulated 2 Screw,EA,0.00,3.23,9318793008860,CABLE ACCESSORIES,CABLE CONNECTORS,CABLE CONNECTORS
10219071,REPTSEGPO1/15,REP,REPTSEGPO1/15: Powerpoint 1 Gang 15A 250V WH,EA,0.00,11.44,,BAKELITE,DOMESTIC & ALLIED PRODUCTS,COMBINATIONS
10108754,CIRECV1036,CIR,CIRECV1036: Service Fuse 100A Back Wire,EA,0.00,15.68,9323441026790,AERIAL CABLE & DISTR. PARTS,MAINS CONNECTION BOXES,MAINS CONNECTION BOXES
10249213,OMETN4,OME,OMETN4: Roof Mount Isolator Bracket,EA,0.00,21.96,9323441039509,AERIAL CABLE & DISTR. PARTS,SUPPORT & RAISER BRACKETS,SUPPORT & RAISER BRACKETS
10283219,SYAFLBP24V5M/WW,SYA,SYAFLBP24V5M/WW: LED Strip Kit  6W/M 24V 5M 3K Cob,EA,0.00,62.34,,LIGHT FITTINGS,LED LIGHT FITTINGS,LED STRIP LIGHTING
10340033,AMPSB9050HD,AMP,AMPSB9050HD: Sweep Bend 50mm 90deg Heavy Duty Orange,EA,0.00,8.93,,PVC CONDUIT & FITTINGS,PVC CONDUIT FITTINGS,PVC CONDUIT CONN./FITTINGS
10022513,CLI2032VH-WE,CLI,CLI2032VH-WE: Wall Plate 2 Gang Grid & Plate WH,EA,0.00,5.64,9311554046590,BAKELITE,DOMESTIC & ALLIED PRODUCTS,PVC PLATES  GRIDS & MECHS
10076138,MRCBE3500SPWH,MRC,MRCBE3500SPWH: Exhaust Fan Novaline II 290mm Round White,EA,0.00,62.57,9312699178450,HEATING & AIR MOVEMENT,FANS  AIR MOVEMENT,EXHAUST FAN & ACCESS. INDUSTRI
10164908,SYAMINI60,SYA,SYAMINI60: Transformer Elec 12VAC 20-60W Dimmable,EA,0.00,15.73,9328623006058,LIGHTING CONTROL GEAR,HALOGEN CONTROL EQUIP.,HALOGEN TRANSFORMERS
10242001,AMPRP2520,AMP,AMPRP2520: Reducer 25-20mm Grey Box 50,EA,0.00,1.04,,PVC CONDUIT & FITTINGS,PVC CONDUIT FITTINGS,PVC CONDUIT CONN./FITTINGS
10176274,ETCOC4CE7067/500,ETC,ETCOC4CE7067/500: Cable Orange Circular 4 C & E 2.5mm,MT,0.00,5.39,,CABLE,PVC POWER CABLE,ORANGE CIRCULAR CABLE
10353113,AMPCS16,AMP,AMPCS16: CABLE LINK 16MM,EA,0.00,1.78,9323441042103,CABLE ACCESSORIES,CABLE LUGS & LINKS,CABLE LUGS NON-INSULATED
10094869,NHPCSB12ST,NHP,NHPCSB12ST: Switchboard 12 Mod Surf Mnt Trans Door,EA,0.00,46.44,9321807197443,BAKELITE,CONSUMER FUSE & SWITCHBOARDS,CONSUMER SWITCHBOARD-DIN/PORC.
10013778,HPM140WE,HPM,HPM140WE: Mounting Block 34mm WH,EA,0.00,3.90,9321001005483,BAKELITE,DOMESTIC & ALLIED PRODUCTS,BAKELITE FAST MOVERS
10018211,CLI180/32,CLI,CLI180/32: Saddle Half Zinc 32mm,EA,0.00,0.71,9311554038243,BAKELITE,DOMESTIC & ALLIED PRODUCTS,SADDLES  CONDUIT FIXING
10249035,SYASO3700/40TC/DP2,SYA,SYASO3700/40TC/DP2: LED Oyster 15/30W 390mm,EA,0.00,45.41,9328623122239,LIGHT FITTINGS,LED LIGHT FITTINGS,LED LIGHT FITTINGS
10179274,CLIP3JH1400AL-WE,CLI,CLIP3JH1400AL-WE: Ceiling Swp Fan 3 Alu Bld 1400mm,EA,0.00,110.00,9311554809911,HEATING & AIR MOVEMENT,FANS  AIR MOVEMENT,CEILING SWEEP FANS
10039633,AUS40MD,AUS,AUS40MD: Conduit PVC Solid 40mm x 4MT Grey,LN,0.00,16.51,9322537008009,PVC CONDUIT & FITTINGS,PVC RIGID CONDUIT,PVC RIGID CONDUIT LIGHT DUTY
10222894,VNAV150FG,VNA,VNAV150FG: Air Inlet/Outlet Grille 150mm,EA,0.00,15.47,9339310001904,HEATING & AIR MOVEMENT,FANS  AIR MOVEMENT,EXHAUST FAN & ACCESS. DOMESTIC
10086494,TRDCCH2510,TRD,TRDCCH2510: CONDUIT CORR 25MM HD ORG 10M PVC,CL,0.00,32.02,9323441038038,PVC CONDUIT & FITTINGS,PVC CORRUGATED CONDUIT-HD-LD,PVC HEAVY DUTY CORRUGATED COND
10262742,CLIO3025-XW,CLI,CLIO3025-XW: Socket SW Horiz Twin 10A 250V Xw,EA,0.00,36.84,9311554811099,BAKELITE,ICONIC,COMBINATIONS
10184557,SYAPLUTO15DV,SYA,SYAPLUTO15DV: LED Driver 12/ 24V 15W Constant Voltage,EA,0.00,21.51,,LIGHT FITTINGS,LED LIGHT FITTINGS,LED POWER SUPPLY / DRIVER
10000778,OME005PLC2,OME,OME005PLC2: Enclosure ABS IP66 100x100x50mm Opaque,EA,0.00,11.57,8017521111209,ENCLOSURES,NON METAL ENCLOSURES,NON-METAL ENCLOSURE
10035434,HPM360/W1WE,HPM,HPM360/W1WE: Batten Holder Angled IP23 BC 250V WH,EA,0.00,20.85,9321001013488,BAKELITE,DOMESTIC & ALLIED PRODUCTS,LAMPHOLDERS/BATTEN HOLDERS
10086501,TRDCCH4010,TRD,TRDCCH4010: CONDUIT CORR 40MM HD ORG 10M PVC,CL,0.00,87.48,9323441038090,PVC CONDUIT & FITTINGS,PVC CORRUGATED CONDUIT-HD-LD,PVC HEAVY DUTY CORRUGATED COND
10031894,CLI3044VH-VW,CLI,CLI3044VH-VW: Switch 4 Gang Grid & Plate VW,EA,0.00,11.03,9311554793241,BAKELITE,ICONIC,PVC PLATES  GRIDS & MECHS
10376531,NHPMD6RS2030A,NHP,NHPMD6RS2030A:  MOD6+ RCBO 6kA 1P+N 20A C  Curve 30mA TYPE A 3T PIGTAIL,EA,0.00,38.60,6925897500508,CIRCUIT BREAKERS,CB RESIDUAL CURRENT DEVICE,RCD MINIATURE
10142671,OMEJC2525,OME,OMEJC2525: Jack Chain Zinc Bucket 2.5mm x 25MT,BU,0.00,27.97,9323441000325,CABLE ACCESSORIES,HANGERS/SUPPORTS,HANGERS/SUPPORTS
10229050,CLIWHA120-RG,CLI,CLIWHA120-RG: Isolator SW 1P 20A 250VAC IP66 Mini RG,EA,0.00,20.81,9311554644475,BAKELITE,DOMESTIC & ALLIED PRODUCTS,W/PROOF COMBINATIONS SWITCHES
10255571,CLIMX9MC150,CLI,CLIMX9MC150: MAX9 MCB 1 POLE C CURVE 6KA 240VAC 50A,EA,0.00,6.67,,CIRCUIT BREAKERS,MINIATURE CIRCUIT BREAKER,MCB INDUSTRIAL
10355801,VNAVAD150-B,VNA,VNAVAD150-B: 150mm x 6m Builder Spec Flexible Duct 3 Z  box of 10 only sold in carto,EA,0.00,12.37,9339310014706,HEATING & AIR MOVEMENT,FANS  AIR MOVEMENT,EXHAUST FAN & ACCESS. DOMESTIC
10152545,SYALGS10TC/E27,SYA,SYALGS10TC/E27: Opal/Lamp/ 9.5W/TC/Nondim/E27,EA,0.00,6.28,,LIGHT SOURCE (LAMPS & TUBES),LED LAMPS,LED LAMPS
10138309,TDRHYSMB2025,TDR,TDRHYSMB2025: Mounting Box 20/ 25mm Entries WH,EA,0.00,7.31,9349703007871,BAKELITE,DOMESTIC & ALLIED PRODUCTS,WALL FLOOR BOX & BRACKETS
10284060,TDRDGPOSW,TDR,TDRDGPOSW: Gpo 2G 10A 250V With 10Ax Switch Mech,EA,0.00,24.32,9349703037755,BAKELITE,DOMESTIC & ALLIED PRODUCTS,COMBINATIONS
10080114,ETCBW7085GY,ETC,ETCBW7085GY: Cable Building Wire 4.00mm Green/Yellow,MT,0.00,2.00,,CABLE,PVC POWER CABLE,BUILDING WIRE
10176329,ETCOC4CE7135/500,ETC,ETCOC4CE7135/500: Cable Orange Circular 4 C & E 10mm,MT,0.00,16.79,,CABLE,PVC POWER CABLE,ORANGE CIRCULAR CABLE
10283218,SYAFLBP24V2M/WW,SYA,SYAFLBP24V2M/WW: LED Strip Kit  6W/M 24V 2M 3K Cob,EA,0.00,34.13,,LIGHT FITTINGS,LED LIGHT FITTINGS,LED STRIP LIGHTING
10382705,THTST45A,THT,THTST45A: INFRA MOTION SENSOR 240V/AC 360DEG 800W IP20,EA,0.00,21.38,,BAKELITE,ELECTRONIC PRODUCTS,PIR SENSOR / SURGE ARRESTOR
10215332,OMETEL17,OME,OMETEL17: Screw S/S Hex Washer Head 14-10x35mm (100 pack),PK,0.00,46.41,9323441001650,COMMUNICATION,TELSTRA NETWORK PRODUCTS,TELSTRA MISCELLANEOUS
10255612,CLIMX9R3132,CLI,CLIMX9R3132: MAX9 RCBO 1PN C 32A 30MA A Slim,EA,0.00,44.80,,CIRCUIT BREAKERS,CB RESIDUAL CURRENT DEVICE,RCD MINIATURE
10125033,PIRFT2CE7085,PIR,PIRFT2CE7085: Cable Flat 2 Core & Earth 4.0mm 4TEWH,MT,0.00,4.80,9310835900460,CABLE,PVC POWER CABLE,FLAT  TPS  POWER CABLE
10108911,LEGED770/4HWE,LEG,LEGED770/4HWE: Switch 4 Gang Horiz 16A 250V WH,EA,0.00,39.81,9321001422884,BAKELITE,DOMESTIC & ALLIED PRODUCTS,SWITCHES
10173640,NHPNL320L,NHP,NHPNL320L: Isolator SW 3P 20A 500VAC IP66 Grey,EA,0.00,21.49,9321807212344,INDUSTRIAL CONTROL,INDUSTRIAL SWITCHES,ISOLATOR MULTI PHASE SWITCH
10301477,PIEECOBAT202ECSLSG4,PIE,PIEECOBAT202ECSLSG4: ECO LED Colour Select Batten 2FT 18W Gen 4 Non-dimmable,EA,0.00,58.80,9319250659557,LIGHT FITTINGS,LED LIGHT FITTINGS,LED LIGHT FITTINGS
10238826,AMPAPS40,AMP,AMPAPS40: Adaptor 40mm Plain To Screwed and LOCK0,EA,0.00,6.98,9323441039011,PVC CONDUIT & FITTINGS,PVC CONDUIT FITTINGS,PVC CONDUIT CONN./FITTINGS
10031890,CLI3044VA-VW,CLI,CLI3044VA-VW: Switch 4 Gang Vert 10A 250V VW,EA,0.00,35.44,9311554786120,BAKELITE,ICONIC,SWITCHES
10198617,TRDSC1620,TRD,TRDSC1620: Girder Clip Spring 16-20mm,EA,0.00,0.27,9323441014155,CABLE ACCESSORIES,CABLE CLIPS,CABLE CLIPS METAL
10353064,AMPCL16-8,AMP,AMPCL16-8: LUG 16MM2 M8,EA,0.00,1.33,9323441041618,CABLE ACCESSORIES,CABLE LUGS & LINKS,CABLE LUGS NON-INSULATED
10180888,OMEPBH735,OME,OMEPBH735: Screw Bugle Head 7g x 35mm,PK,0.00,8.42,9323441004255,TOOLS  FASTENERS  LADDERS & AC,FASTENERS,SCREWS
10125079,ETCFT2CE7135/500,ETC,ETCFT2CE7135/500: Cable Flat 2 Core & Earth 10.0mm,MT,0.00,9.53,,CABLE,PVC POWER CABLE,FLAT  TPS  POWER CABLE
10306472,AMPCB32,AMP,AMPCB32: Bend 90 Deg 32Mm Grey,EA,0.00,3.43,,PVC CONDUIT & FITTINGS,PVC CONDUIT FITTINGS,PVC CONDUIT CONN./FITTINGS
10043749,CLI4CC4-WE,CLI,CLI4CC4-WE: Enclosure 4 Mod Surf Mnt WH,EA,0.00,15.52,9318795010953,BAKELITE,CONSUMER FUSE & SWITCHBOARDS,CONSUMER SWITCHBOARD-DIN/PORC.
10111342,CLEELIFE-X-LI,CLE,CLEELIFE-X-LI: Economy LED Lifelight Rec N/M 140mm Lith,EA,0.00,75.42,9332274033226,LIGHT FITTINGS,LED LIGHT FITTINGS,LED EMERGENCY LIGHT FITTINGS
10182329,HPMPE170/10,HPM,HPMPE170/10: Sunset Switch W/P 10A 250V IP56,EA,0.00,98.20,9310539013848,BAKELITE,DOMESTIC & ALLIED PRODUCTS,PHOTO CELLS
10187756,TDRPUSWPV2G,TDR,TDRPUSWPV2G: Wall Plate 2 Gang Grid & Plate WH,EA,0.00,6.84,9349703004382,BAKELITE,DOMESTIC & ALLIED PRODUCTS,PVC PLATES  GRIDS & MECHS
10010738,MMR11MM-TRIPOD-M,MMR,MMR11MM-TRIPOD-M: Tripod Mount Metal Roof,EA,0.00,38.28,9322190006572,MATV PRODUCTS,MATV PRODUCTS,MATV ANTENNA HARDWARE
10200233,SYASE7080/2TC/BK,SYA,SYASE7080/2TC/BK: LED Spot 2 x 15W IP54 3/4/5.7K Black,EA,0.00,66.25,,LIGHT FITTINGS,LED LIGHT FITTINGS,LED FLOOD LIGHT FITTINGS
10233149,OMEXLP20-4RD,OME,OMEXLP20-4RD: Heatshrink 20- 9.5mm 1.2MT Red,LN,0.00,6.24,9323441032470,CABLE ACCESSORIES,HEATSHRINK,HEAT SHRINK
10197136,SYAS9068TC/WH,SYA,SYAS9068TC/WH: LED Downlight 9W IP20 60 Deg. White TC COOLUM,EA,0.00,20.18,,LIGHT FITTINGS,LED LIGHT FITTINGS,LED LIGHT FITTINGS
10080410,PIEBWPECO404ECSLS,PIE,PIEBWPECO404ECSLS: BWP Eco LED W/Proof Batten Gen 2 40W,EA,0.00,70.52,9319250645789,LIGHT FITTINGS,LED LIGHT FITTINGS,LED INDUSTRIAL/COMMERCIAL LIGH
10405234,PIEMSLBAT404ECSLS,PIE,PIEMSLBAT404ECSLS: Middys Slimline LED Batten 36W 4FT Colour Lumen Select Non-Dim,EA,0.00,48.00,,LIGHT FITTINGS,LED LIGHT FITTINGS,LED LIGHT FITTINGS
10193810,TRDRSDP1610,TRD,TRDRSDP1610: Roof Hex S/Drill 10G-16 l16mm Galv 100PK,PK,0.00,22.95,9323441038502,TOOLS  FASTENERS  LADDERS & AC,FASTENERS,SPECIALITY FASTENERS
10262521,CLI750WPR5-GY,CLI,CLI750WPR5-GY: Infrascan Outdoor 3WIRE 10A - Grey,EA,0.00,109.36,9311554815530,BAKELITE,ELECTRONIC PRODUCTS,PIR SENSOR / SURGE ARRESTOR
10022157,CLI2025XA-WE,CLI,CLI2025XA-WE: Powerpoint 2 Gang Ex SW 10A 250V WH,EA,0.00,30.77,9311554043896,BAKELITE,DOMESTIC & ALLIED PRODUCTS,COMBINATIONS
10262260,SYASO3700/30TC/DP2,SYA,SYASO3700/30TC/DP2: LED Oyster 16/8W 310mm 3/4/6K,EA,0.00,41.44,,LIGHT FITTINGS,LED LIGHT FITTINGS,LED LIGHT FITTINGS
10031186,NLS30045NLS,NLS,NLS30045NLS: Junction Box 80x60x38 Rect,EA,0.00,1.36,,ENCLOSURES,ADAPTABLE BOXES & J BOXES,ADAPTABLE BOXES & J BOXES
10275373,SYASE7071/50TC2BK,SYA,SYASE7071/50TC2BK: LED Flood Light 50W IP65 Black,EA,0.00,66.41,,LIGHT FITTINGS,LED LIGHT FITTINGS,LED FLOOD LIGHT FITTINGS
10255589,CLIMX9MC332,CLI,CLIMX9MC332: MAX9 MCB 3 POLE C CURVE 6KA 415VAC 32A,EA,0.00,41.43,,CIRCUIT BREAKERS,MINIATURE CIRCUIT BREAKER,MCB INDUSTRIAL
10000823,OME006PLC2,OME,OME006PLC2: Enclosure ABS IP66 100x100x65mm Opaque,EA,0.00,10.22,8017521111230,ENCLOSURES,NON METAL ENCLOSURES,NON-METAL ENCLOSURE
10314557,TDRBESMOKEYV2,TDR,TDRBESMOKEYV2: Smoke Alarm Phelec Surface 240V AC 9Vbup,EA,0.00,34.72,,SIGHT & SOUND PRODUCTS,SMOKE DETECTORS,SMOKE DETECTORS
10307228,SYASE7070/2TC/BK,SYA,SYASE7070/2TC/BK: Twin Spot Stargem IV 2X12W 3/4/5.5K IP54,EA,0.00,61.90,,LIGHT FITTINGS,LED LIGHT FITTINGS,LED LIGHT FITTINGS
10064879,TRDA5422,TRD,TRDA5422: Pipe Cement PVC Blue Type N 500ml,EA,0.00,8.81,9343775001027,TAPES  SEALANTS & LUBRICANTS,ADHESIVES/SEALANTS,ADHESIVES/SEALANTS
10110683,TRPEL1.7GY,TRP,TRPEL1.7GY: Power Cord & Plug 1.7M 10A 3PIN Grey,EA,0.00,6.15,9323441006303,CABLE,EXTENSION LEADS,EXTENSION LEADS
10022387,CLI2031HA-WE,CLI,CLI2031HA-WE: Switch 1 Gang Horiz 10A 250V WH,EA,0.00,7.59,9311554044558,BAKELITE,DOMESTIC & ALLIED PRODUCTS,BAKELITE FAST MOVERS
10045520,IPM50201077,IPM,IPM50201077: P5 Cover Concrete NBN Class A,EA,0.00,48.41,,COMMUNICATION,TELSTRA NETWORK PRODUCTS,TELSTRA PIT LIDS
10031908,CLI3045HA-VW,CLI,CLI3045HA-VW: Switch 5 Gang Horiz 10A 250V VW,EA,0.00,47.48,9311554786182,BAKELITE,ICONIC,SWITCHES
10179270,CLIP3HS1400AL-WE,CLI,CLIP3HS1400AL-WE: Ceiling Swp Fan 3 Alu Bld 1400mm,EA,0.00,110.00,9311554809874,HEATING & AIR MOVEMENT,FANS  AIR MOVEMENT,CEILING SWEEP FANS
10301758,IPMVP0161XA,IPM,IPMVP0161XA: Pit Injection P5 X20 PLT Telstra MK11 BLK,EA,0.00,115.91,,COMMUNICATION,JOINTING,JOINTING PIT CONCRETE/PVC
10003812,MMR05MM-WP64,MMR,MMR05MM-WP64: Wall Plate Brush Cover WH,EA,0.00,13.26,9322190027294,BAKELITE,DOMESTIC & ALLIED PRODUCTS,COMP./TELE/TV SOCKETS & PLATES
10187774,TDRPUSWV1G,TDR,TDRPUSWV1G: Switch 1 Gang Vert 16A 250V WH,EA,0.00,9.73,9349703004436,BAKELITE,DOMESTIC & ALLIED PRODUCTS,SWITCHES
10039641,CLI40MIL,CLI,CLI40MIL: Mech 10A 250V VW Intermediate W/LED,EA,0.00,32.89,9311554790424,BAKELITE,DOMESTIC & ALLIED PRODUCTS,PVC PLATES  GRIDS & MECHS
10255590,CLIMX9MC340,CLI,CLIMX9MC340: MAX9 MCB 3 POLE C CURVE 6KA 415VAC 40A,EA,0.00,45.81,,CIRCUIT BREAKERS,MINIATURE CIRCUIT BREAKER,MCB INDUSTRIAL
10199695,ETCSD7170RD,ETC,ETCSD7170RD: Cable SDI 16.0mm Red,MT,0.00,5.73,,CABLE,PVC POWER CABLE,SINGLE DOUBLE INSULATED CABLE
10199702,ETCSD7170RD/500,ETC,ETCSD7170RD/500: Cable SDI 16 Sq.Mm 7/1.70 Red 500M Roll,MT,0.00,6.09,,CABLE,PVC POWER CABLE,SINGLE DOUBLE INSULATED CABLE
10376529,NHPMD6RS1630A,NHP,NHPMD6RS1630A:  MOD6+ RCBO 6kA 1P+N 16A C  Curve 30mA TYPE A 3T PIGTAIL,EA,0.00,38.60,6925897500492,CIRCUIT BREAKERS,CB RESIDUAL CURRENT DEVICE,RCD MINIATURE
10204724,OMESM5050,OME,OMESM5050: Cable Cover HD 50x50x1200mm Surface Mt,LN,0.00,68.54,9323441019945,AERIAL CABLE & DISTR. PARTS,CABLE COVER PRODUCTS,CABLE COVER PRODUCTS
10108830,LEGED770/1GPLWE,LEG,LEGED770/1GPLWE: Switch 1 Gang Grid & Plate WH,EA,0.00,6.16,9321001400431,BAKELITE,DOMESTIC & ALLIED PRODUCTS,PVC PLATES  GRIDS & MECHS
10106724,CIRE5012,CIR,CIRE5012: Mains Box Fused 100A 1PH ECV1016,EA,0.00,142.43,9323441036157,AERIAL CABLE & DISTR. PARTS,MAINS CONNECTION BOXES,MAINS CONNECTION BOXES
10317957,GDPEZ-GL-AT,GDP,GDPEZ-GL-AT: Clenergy  Commericial Gounding Lug  (Bag 8 Pack 120 Carton 240),EA,0.00,3.69,12-023-00082,POWER SUPPLY,POWER SUPPLY SOLAR,SOLAR MOUNTING BRACKETS
10105773,LENE10PBB-2,LEN,LENE10PBB-2: Fan Ceiling Exhaust 250mm BB/Motor,EA,0.00,33.79,9323441030964,HEATING & AIR MOVEMENT,FANS  AIR MOVEMENT,EXHAUST FAN & ACCESS. DOMESTIC
10308790,PIE9WB223KA60,PIE,PIE9WB223KA60: LEDBulb 9W B22  930 230V 1PF/6 AU,EA,0.00,3.82,8720169403819,LIGHT SOURCE (LAMPS & TUBES),LED LAMPS,LED LAMPS
10031535,CLI3025C-XB,CLI,CLI3025C-XB: Skin Socket SW Horiz Twin 10A 250V Exbk,EA,0.00,7.16,9311554814953,BAKELITE,ICONIC,PVC PLATES  GRIDS & MECHS
10176314,PIROC4CE7104/500,PIR,PIROC4CE7104/500: Cable Orange Circular 4 C & E 6.0mm 500M,MT,0.00,11.21,9310835904758,CABLE,PVC POWER CABLE,ORANGE CIRCULAR CABLE
10124972,ETCFT2CE7050,ETC,ETCFT2CE7050: Cable Flat 2 Core & Earth 1.5mm TPS,MT,0.00,1.50,,CABLE,PVC POWER CABLE,FLAT  TPS  POWER CABLE
10212568,ALLT2451,ALL,ALLT2451: Torch Butane Gas Blow Torch Refill 250ml,EA,0.00,9.41,9321758156544,TOOLS  FASTENERS  LADDERS & AC,TOOLS,HAND TOOLS
10176292,ETCOC4CE7085/500,ETC,ETCOC4CE7085/500: Cable Orange Circular 4 C & E 4.0mm,MT,0.00,7.49,,CABLE,PVC POWER CABLE,ORANGE CIRCULAR CABLE
10233323,OMEXLP7-4BK,OME,OMEXLP7-4BK: Heatshrink 7- 3.2mm 1.2MT Black,LN,0.00,4.28,9323441033446,CABLE ACCESSORIES,HEATSHRINK,HEAT SHRINK
10167616,SYAMR16/7W/TC,SYA,SYAMR16/7W/TC: LED Lamp MR16 6W 12V 3/4/6K,EA,0.00,11.52,,LIGHT SOURCE (LAMPS & TUBES),LED LAMPS,LED LAMPS
10075075,BBOBBNBNV1,BBO,BBOBBNBNV1: NBN Enclosure Loaded 700HX400WX150D V1,EA,0.00,250.89,,COMMUNICATION,TELSTRA NETWORK PRODUCTS,TELSTRA MISCELLANEOUS
10086798,AUSCD2525WH,AUS,AUSCD2525WH: Cable Duct 25mm x 25mm 4M White,EA,0.00,28.08,9322537020247,PVC DUCTING & FITTINGS,PVC SOLID DUCT & FITTINGS,PVC SOLID DUCT & FITTINGS
10198615,TRDSC16,TRD,TRDSC16: Screw Connector 16mm2,EA,0.00,2.73,9323441036881,CABLE ACCESSORIES,CABLE CONNECTORS,CABLE CONNECTORS
10188035,VNAPVPXHF250SQ,VNA,VNAPVPXHF250SQ: Airbus 250 White Square Exhaust Fan PVPXHF250SQR,EA,0.00,127.43,9339310010623,HEATING & AIR MOVEMENT,FANS  AIR MOVEMENT,EXHAUST FAN & ACCESS. DOMESTIC
10273597,CLI32ELEDM2-WE,CLI,CLI32ELEDM2-WE: Rotary LED Dimmer Module 30 Series,EA,0.00,52.17,,BAKELITE,DOMESTIC & ALLIED PRODUCTS,CONTROLLERS - DIMMERS / FANS
10031756,CLI3040CEP-VW,CLI,CLI3040CEP-VW: Cable Entry Plate VW,EA,0.00,17.14,9311554792497,BAKELITE,ICONIC,PVC PLATES  GRIDS & MECHS
10204703,OMESM3232,OME,OMESM3232: Cable Cover HD 32x32x1200mm Surface Mt,LN,0.00,44.75,9323441019921,AERIAL CABLE & DISTR. PARTS,CABLE COVER PRODUCTS,CABLE COVER PRODUCTS
10022501,CLI2032VA-WE,CLI,CLI2032VA-WE: Switch 2 Gang Vert 10A 250V WH,EA,0.00,13.94,9311554046460,BAKELITE,DOMESTIC & ALLIED PRODUCTS,BAKELITE FAST MOVERS
10353056,AMPCL6-8,AMP,AMPCL6-8: CABLE LUG 6MM2 M8,EA,0.00,0.65,9323441041533,CABLE ACCESSORIES,CABLE LUGS & LINKS,CABLE LUGS NON-INSULATED
10095518,OMECT380W7C,OME,OMECT380W7C: Cable Tie 380 x 7mm Outdoor (50PK),PK,0.00,11.04,9323441000516,CABLE ACCESSORIES,CABLE TIES,CABLE TIES
10038445,OME40013523,OME,OME40013523: Fluoro Marking Paint 350g Blue Dy-Mark,EA,0.00,8.97,9321126000219,TOOLS  FASTENERS  LADDERS & AC,TOOLS,TOOL ACCESSORIES
10032392,CLI30M35-WE,CLI,CLI30M35-WE: Mech 35A 250V WH,EA,0.00,24.51,9311554054090,BAKELITE,DOMESTIC & ALLIED PRODUCTS,PVC PLATES  GRIDS & MECHS
10187735,TDRPUSW3G,TDR,TDRPUSW3G: Switch 3 Gang Horiz 16A 250V WH,EA,0.00,21.61,9349703004511,BAKELITE,DOMESTIC & ALLIED PRODUCTS,SWITCHES
10241078,SYALGS14TC/E27D,SYA,SYALGS14TC/E27D: LED GLS Lamp 12W E27 Tri Colour Dim,EA,0.00,11.60,9328623124165,LIGHT SOURCE (LAMPS & TUBES),LED LAMPS,LED LAMPS
10240529,AMPJB203,AMP,AMPJB203: JUNCTION BOX 20MM THREE WAY BOX 10,EA,0.00,2.28,9323441039097,PVC CONDUIT & FITTINGS,PVC CONDUIT FITTINGS,PVC CONDUIT CONN./FITTINGS
10092243,TBXCOMETEX1-BK,TBX,TBXCOMETEX1-BK: LED Flood 10W CW BLK,EA,0.00,19.95,,LIGHT FITTINGS,LED LIGHT FITTINGS,LED FLOOD LIGHT FITTINGS
10162281,CLIMCB4-163,CLI,CLIMCB4-163: MCB 1 Pole C Curve 4.5KA 250VAC 63A,EA,0.00,5.87,9318795018393,CIRCUIT BREAKERS,MINIATURE CIRCUIT BREAKER,MCB DOMESTIC
10081657,CLIC2033VA-WE,CLI,CLIC2033VA-WE: Switch 3 Gang Vert 10A 250V WH,EA,0.00,23.31,9311554324261,BAKELITE,DOMESTIC & ALLIED PRODUCTS,SWITCHES
10199592,PIRSD7050RD,PIR,PIRSD7050RD: Cable SDI 1.5mm Red,MT,0.00,0.87,9310835900767,CABLE,PVC POWER CABLE,SINGLE DOUBLE INSULATED CABLE
10255565,CLIMX9MC110,CLI,CLIMX9MC110: MAX9 MCB 1 POLE C CURVE 6KA 240VAC 10A,EA,0.00,5.43,,CIRCUIT BREAKERS,MINIATURE CIRCUIT BREAKER,MCB INDUSTRIAL
10255631,CLIMX9RC240,CLI,CLIMX9RC240: MAX9 RCCB 2P 40A 30MA A Type,EA,0.00,45.72,,CIRCUIT BREAKERS,CB RESIDUAL CURRENT DEVICE,RCD MINIATURE
10233048,OMEXLP10-4RD,OME,OMEXLP10-4RD: Heatshrink 10- 4.8mm 1.2MT Red,LN,0.00,5.06,9323441031848,CABLE ACCESSORIES,HEATSHRINK,HEAT SHRINK
10139314,OMEILSDG1.25RD,OME,OMEILSDG1.25RD: In Line Splice Double Grip Red PK/50,PK,0.00,31.16,9323441026233,CABLE ACCESSORIES,CABLE LUGS & LINKS,CABLE LUGS INSULATED
10320240,AGY1057,AGY,AGY1057: Battery Label Kit,SE,0.00,27.86,,POWER SUPPLY,POWER SUPPLY SOLAR,SOLAR ACCESSORIES
10162278,CLIMCB4-132,CLI,CLIMCB4-132: MCB 1 Pole C Curve 4.5KA 250VAC 32A,EA,0.00,4.83,9318795018362,CIRCUIT BREAKERS,MINIATURE CIRCUIT BREAKER,MCB DOMESTIC
10125063,ETCFT2CE7104/500,ETC,ETCFT2CE7104/500: Cable Flat 2 Core & Earth 6mm 500M Roll,MT,0.00,4.94,,CABLE,PVC POWER CABLE,FLAT  TPS  POWER CABLE
10172147,OMENARH525/50,OME,OMENARH525/50: Nylon Anchor Round Head 5mm x 25mm,PK,0.00,6.57,9323441005856,TOOLS  FASTENERS  LADDERS & AC,FASTENERS,ANCHOR PLUGS/NAIL IN ANCHORS
10039698,CLI40RSM3-VW,CLI,CLI40RSM3-VW: MECH 4 POS ROTARY 10A 250VA OFF-1-2-3,EA,0.00,19.80,9311554812379,BAKELITE,DOMESTIC & ALLIED PRODUCTS,PVC PLATES  GRIDS & MECHS
10180881,OMEPBH620,OME,OMEPBH620: Screw Bugle Head 6 x 20mm,PK,0.00,5.09,9323441004217,TOOLS  FASTENERS  LADDERS & AC,FASTENERS,SCREWS
10241077,SYALGS14TC/B22D,SYA,SYALGS14TC/B22D: LED GLS Lamp 12W B22 Tri Colour Dim,EA,0.00,11.60,9328623124158,LIGHT SOURCE (LAMPS & TUBES),LED LAMPS,LED LAMPS
10021706,CLI2015-WE,CLI,CLI2015-WE: Powerpoint 1 Gang 10A 250V WH,EA,0.00,8.43,9311554039936,BAKELITE,DOMESTIC & ALLIED PRODUCTS,BAKELITE FAST MOVERS
10039651,CLI40PFM-TN,CLI,CLI40PFM-TN: Mech F To F WH,EA,0.00,5.83,9311554792435,BAKELITE,DOMESTIC & ALLIED PRODUCTS,COMP./TELE/TV SOCKETS & PLATES
10086546,TRDCCM4010,TRD,TRDCCM4010: CONDUIT CORR 40MM MD GRY 10M PVC,CL,0.00,46.98,9323441038205,PVC CONDUIT & FITTINGS,PVC CORRUGATED CONDUIT-HD-LD,PVC LIGHT/MED DUTY CORR. COND.
10262741,CLIO3025-BK,CLI,CLIO3025-BK: Socket SW Horiz Twin 10A 250V BK,EA,0.00,37.70,9311554811136,BAKELITE,ICONIC,COMBINATIONS
10225938,IPMVP0160XA,IPM,IPMVP0160XA: Pit Injection P5 X20 PLT Telstra 9900165 BLK,EA,0.00,85.47,,COMMUNICATION,TELSTRA NETWORK PRODUCTS,TELSTRA PITS
10043746,CLI4CC2-WE,CLI,CLI4CC2-WE: Enclosure 2 Mod Surf Mnt WH,EA,0.00,11.09,9318795010892,BAKELITE,CONSUMER FUSE & SWITCHBOARDS,CONSUMER SWITCHBOARD-DIN/PORC.
10179244,REPP3650,REP,REPP3650: Purlmate 3650,EA,0.00,18.48,,BAKELITE,DOMESTIC & ALLIED PRODUCTS,MOUNTING BLOCKS
10124896,ETCFT2C7067,ETC,ETCFT2C7067: Cable Flat 2 Core 2.5mm Twin Active,MT,0.00,2.05,,CABLE,PVC POWER CABLE,FLAT  TPS  POWER CABLE
10086863,AUSCD5050WH,AUS,AUSCD5050WH: Trunking PVC Maxi Duct 50 x 50mm White,EA,0.00,67.37,9322537022975,PVC DUCTING & FITTINGS,PVC SOLID DUCT & FITTINGS,PVC SOLID DUCT & FITTINGS
10124955,OLXFT2CE1113,OLX,OLXFT2CE1113: Cable Flat 2 Core & Earth 1.0mm,MT,0.00,1.51,9322576240453,CABLE,PVC POWER CABLE,FLAT  TPS  POWER CABLE
10004607,MMR08MM-F6M,MMR,MMR08MM-F6M: Connector F To RG6 Crimp On,EA,0.00,0.97,9322190003946,AUDIO VISUAL,AUDIO VISUAL CONNECTORS,AUDIO VISUAL CONNECTORS
10067098,HAGADM432T,HAG,HAGADM432T: RCBO 4 Pole C Curve 30MA 6KA 500VAC 32A,EA,0.00,199.10,3250611032977,CIRCUIT BREAKERS,CB RESIDUAL CURRENT DEVICE,RCD MINIATURE
10021714,CLI2015/15-WE,CLI,CLI2015/15-WE: Powerpoint 1 Gang 15A 250V WH,EA,0.00,24.31,9311554040079,BAKELITE,DOMESTIC & ALLIED PRODUCTS,COMBINATIONS
10109707,HPMEFD01RDWE,HPM,HPMEFD01RDWE: Ceiling Exhaust Fan Ducted,EA,0.00,110.02,9321001455462,HEATING & AIR MOVEMENT,FANS  AIR MOVEMENT,EXHAUST FAN & ACCESS. DOMESTIC
10043741,CLI4CC1-WE,CLI,CLI4CC1-WE: Enclosure 1 Mod Surf Mnt WH,EA,0.00,9.10,9318795001364,BAKELITE,CONSUMER FUSE & SWITCHBOARDS,CONSUMER SWITCHBOARD-DIN/PORC.
10199687,ETCSD7170BK/500,ETC,ETCSD7170BK/500: Cable SDI 16 Sq.Mm 7/1.70 Black 500M Rol,MT,0.00,6.09,,CABLE,PVC POWER CABLE,SINGLE DOUBLE INSULATED CABLE
10023730,AUS20HD,AUS,AUS20HD: Conduit PVC Solid 20mm x 4MT Orange,LN,0.00,7.48,9322537007873,PVC CONDUIT & FITTINGS,PVC RIGID CONDUIT,PVC RIGID CONDUIT HEAVY DUTY
10320244,AGY1089,AGY,AGY1089: Genuine Mc4-Evo2 1500V Solar Pv Connecto,SE,0.00,4.69,,POWER SUPPLY,POWER SUPPLY SOLAR,SOLAR ACCESSORIES
10176338,ETCOC4CE7170,ETC,ETCOC4CE7170: Cable Orange Circular 4 C & E 16mm,MT,0.00,24.89,,CABLE,PVC POWER CABLE,ORANGE CIRCULAR CABLE
10068893,OMEALG-01,OME,OMEALG-01: Cable Lubricant 1 Litre,EA,0.00,11.26,9323441003678,TAPES  SEALANTS & LUBRICANTS,LUBRICANTS,LUBRICANTS
10096369,ETCCUTCHARGE,ETC,ETCCUTCHARGE: Cutting Charge Up To 50mmsq Single Core,EA,0.00,154.62,,MISCELLANEOUS,MISCELLANEOUS,MISCELLANEOUS SUPPLIER CHARGES
10240254,ETCFT3CE7050N,ETC,ETCFT3CE7050N: Cable Flat 3 Core & Earth 1.5mm Blue,MT,0.00,2.80,,CABLE,PVC POWER CABLE,FLAT  TPS  POWER CABLE
10000872,OME007PL,OME,OME007PL: Enclosure ABS IP66 125x75x50mm Opaque,EA,0.00,11.64,8017521110158,ENCLOSURES,NON METAL ENCLOSURES,NON-METAL ENCLOSURE
10131073,SUOH1250250,SUO,SUOH1250250: Holesaw Bi-Met Cobalt 25mm (1IN) WH,EA,0.00,19.96,9311963624969,TOOLS  FASTENERS  LADDERS & AC,TOOLS,HOLE SAWS
10219529,OMETTSLBK,OME,OMETTSLBK: Test Tags Self Laminated Black Yearly,PK,0.00,31.69,9323441002923,CABLE ACCESSORIES,TEST TAGS,TEST TAGS
10216906,PHITLD36W840ALTO,PHI,PHITLD36W840ALTO: Lamp Fluoro T8 36W 4000K Cool White,EA,0.00,4.19,8718291254607,LIGHT SOURCE (LAMPS & TUBES),FLUORESCENT LAMPS,FLUORESCENT TUBES
10289358,SYAS9784/312TC/DP2,SYA,SYAS9784/312TC/DP2: LED Panel 18/36W 300X1200Mm,EA,0.00,49.86,,LIGHT FITTINGS,LED LIGHT FITTINGS,LED PANEL LIGHT FITTING
10059354,CLI900/25/16-WE,CLI,CLI900/25/16-WE: Trunking PVC Mini Duct 25 x 16mm White,LN,0.00,17.85,9311554134341,PVC DUCTING & FITTINGS,PVC SOLID DUCT & FITTINGS,PVC SOLID DUCT & FITTINGS
10203657,SYASL9726/40TC/DP,SYA,SYASL9726/40TC/DP: LED Batten W/P 20/42W 1200mm IP65 TC,EA,0.00,55.39,,LIGHT FITTINGS,LED LIGHT FITTINGS,LED LIGHT FITTINGS
10187678,TDRPUPP151G,TDR,TDRPUPP151G: Powerpoint 1 Gang 15A 250V WH,EA,0.00,26.47,9349703004757,BAKELITE,DOMESTIC & ALLIED PRODUCTS,COMBINATIONS
10120894,ETCFL3C30025GR,ETC,ETCFL3C30025GR: Cable Flex 3 Core 1.5mm Grey,MT,0.00,2.65,,CABLE,PVC POWER CABLE,FLEXIBLE CABLE
10081331,CLIC2025-BK,CLI,CLIC2025-BK: Powerpoint 2 Gang 10A 250V BK,EA,0.00,13.02,9311554318017,BAKELITE,DOMESTIC & ALLIED PRODUCTS,COMBINATIONS
10045721,IPM50201204,IPM,IPM50201204: Gasket Pit Thermoplastic P5 BLK Cubis,EA,0.00,3.86,,COMMUNICATION,TELSTRA NETWORK PRODUCTS,TELSTRA PITS
10188136,OMEPWH1022,OME,OMEPWH1022: Screw Wafer Head 10g 24 x 22mm,PK,0.00,13.96,9323441004491,TOOLS  FASTENERS  LADDERS & AC,FASTENERS,SCREWS
10193811,TRDRSDP2012,TRD,TRDRSDP2012: Roof Hex S/Drill 12G-14 l20mm Galv 50PK,PK,0.00,22.90,9323441038519,TOOLS  FASTENERS  LADDERS & AC,FASTENERS,SPECIALITY FASTENERS
10038298,OME40,OME,OME40: Cable Gland Nylon 40mm IP68 22-32mm OD,EA,0.00,6.53,9323441000066,CABLE ACCESSORIES,GLANDS,PVC CABLE GLANDS
10176388,OMEOCCQS6-305,OME,OMEOCCQS6-305: Cable RG6 Coax Quad Shield 305M Box BK,MT,0.00,0.46,9323441005238,DATA COMMUNICATION,DATA & COMMS CABLE,COAXIAL CABLE
10292153,LEG418893,LEG,LEG418893: Dx3 Single Module RCBO 16A 30Ma 6Ka Neu/,EA,0.00,35.00,3414972389297,CIRCUIT BREAKERS,CB RESIDUAL CURRENT DEVICE,RCD MINIATURE
10204713,OMESM3838,OME,OMESM3838: Cable Cover HD 38x38x1200mm Surface Mt,LN,0.00,51.67,9323441019938,AERIAL CABLE & DISTR. PARTS,CABLE COVER PRODUCTS,CABLE COVER PRODUCTS
10079456,AUSBU100WH,AUS,AUSBU100WH: Bush 100mm In White,EA,0.00,6.25,,PVC CONDUIT & FITTINGS,PVC CONDUIT FITTINGS,PVC CONDUIT CONN./FITTINGS
10292152,LEG418892,LEG,LEG418892: Dx3 Single Module RCBO 10A 30Ma 6Ka Neu/,EA,0.00,35.00,3414972389273,CIRCUIT BREAKERS,CB RESIDUAL CURRENT DEVICE,RCD MINIATURE
10160090,VNAM4HDLXWH,VNA,VNAM4HDLXWH: Myka 4 Slimline 4 Heat 3-IN-1 White,EA,0.00,190.37,9339310006886,HEATING & AIR MOVEMENT,FANS  AIR MOVEMENT,EXHAUST FAN & ACCESS. DOMESTIC
10255566,CLIMX9MC116,CLI,CLIMX9MC116: MAX9 MCB 1 POLE C CURVE 6KA 240VAC 16A,EA,0.00,5.43,9311554813550,CIRCUIT BREAKERS,MINIATURE CIRCUIT BREAKER,MCB INDUSTRIAL
10382639,RENBL40W,REN,RENBL40W: BATTEN LIGHT CCT  1200 IP20 PA16 3000-5700K 240V,EA,0.00,45.51,,LIGHT FITTINGS,INDUSTRIAL/COMMERCIAL LIGHT FI,INDUSTRIAL/COMMERCIAL LIGHT FI
10120938,ETCFL3C50025GR,ETC,ETCFL3C50025GR: Cable Flex 3 Core 2.5mm Grey,MT,0.00,3.86,,CABLE,PVC POWER CABLE,FLEXIBLE CABLE
10180892,OMEPBH745,OME,OMEPBH745: Screw Bugle Head 7g x 45mm,PK,0.00,8.84,9323441004279,TOOLS  FASTENERS  LADDERS & AC,FASTENERS,SCREWS
10190651,AUSRC25TELWH,AUS,AUSRC25TELWH: Conduit PVC Comms Tel 25mm x 4MT White,LN,0.00,8.68,9322537007941,PVC CONDUIT & FITTINGS,PVC RIGID CONDUIT,PVC RIGID TELECOMMUNICATIONS
10204690,OMESM2525,OME,OMESM2525: Cable Cover HD 25x25x1200mm Surface Mt,LN,0.00,34.41,9323441019914,AERIAL CABLE & DISTR. PARTS,CABLE COVER PRODUCTS,CABLE COVER PRODUCTS
10233150,OMEXLP20-4WH,OME,OMEXLP20-4WH: Heatshrink 20- 9.5mm 1.2MT White,LN,0.00,6.25,9323441032487,CABLE ACCESSORIES,HEATSHRINK,HEAT SHRINK
10320237,AGY1006,AGY,AGY1006: S/S Cable Clips,EA,0.00,0.27,,POWER SUPPLY,POWER SUPPLY SOLAR,SOLAR ACCESSORIES
10027587,RIP25RD,RIP,RIP25RD: Tape PVC Elec 19mm x 20MT Red,EA,0.00,1.50,9323441021382,TAPES  SEALANTS & LUBRICANTS,TAPES,TAPES
10102377,DVDDKJC6UAWH,DVD,DVDDKJC6UAWH: Mech RJ45 Jack C6 WH,EA,0.00,5.75,,DATA COMMUNICATION,CONNECTION METHODS,CONNECTION METHODS
10015436,CLI155,CLI,CLI155: Bracket Stud Horiz Galv,EA,0.00,1.24,9311554036201,BAKELITE,DOMESTIC & ALLIED PRODUCTS,WALL FLOOR BOX & BRACKETS
10095384,OMECT150W3C,OME,OMECT150W3C: Cable Tie 150 x 3.6mm Outdoor (100PK),PK,0.00,6.54,9323441000394,CABLE ACCESSORIES,CABLE TIES,CABLE TIES
10173699,NHPNLGPO15D,NHP,NHPNLGPO15D: P/Point W/P Surf 2g IP53 15A 250V Grey,EA,0.00,34.75,9321807000132,BAKELITE,DOMESTIC & ALLIED PRODUCTS,W/PROOF COMBINATIONS SWITCHES
10034068,PBF32HDSB,PBF,PBF32HDSB: Bend Sweep PVC 32mm x 90D OR 305mm radius,EA,0.00,4.36,9342915000876,PVC CONDUIT & FITTINGS,PVC CONDUIT FITTINGS,PVC CONDUIT CONN./FITTINGS
10108854,LEGED770/2GPLWE,LEG,LEGED770/2GPLWE: Wall Plate 2 Gang Grid & Plate WH,EA,0.00,6.06,9321001400455,BAKELITE,DOMESTIC & ALLIED PRODUCTS,PVC PLATES  GRIDS & MECHS
10337517,PIEECOPL123CSLSEG3,PIE,PIEECOPL123CSLSEG3: ECO PANEL Gen3 1200x300 TRI-Colour 25W/34W Non-Dim CRI80,EA,0.00,54.72,9319250660652,LIGHT FITTINGS,LED LIGHT FITTINGS,LED PANEL LIGHT FITTING
10308180,CLITPDL1C3,CLI,CLITPDL1C3: Downlight LED 750Lm 3K/4K/6K,EA,0.00,14.89,,LIGHT FITTINGS,LED LIGHT FITTINGS,LED LIGHT FITTINGS
10022488,CLI2032HA-WE,CLI,CLI2032HA-WE: Switch 2 Gang Horiz 10A 250V WH,EA,0.00,12.45,9311554046323,BAKELITE,DOMESTIC & ALLIED PRODUCTS,BAKELITE FAST MOVERS
10230182,CLIWS226/2-RG,CLI,CLIWS226/2-RG: Switch W/P 2 Gang IP66 16A 250V RG,EA,0.00,26.43,9311554643546,BAKELITE,DOMESTIC & ALLIED PRODUCTS,W/PROOF COMBINATIONS SWITCHES
10292156,LEG418896,LEG,LEG418896: Dx3 Single Module RCBO 32A 30Ma 6Ka Neu/,EA,0.00,37.00,3414972389358,CIRCUIT BREAKERS,CB RESIDUAL CURRENT DEVICE,RCD MINIATURE
10086497,TRDCCH2550SOLAR,TRD,TRDCCH2550SOLAR: Conduit Corr 25mm PVC H/D Solar Gry L50M,CL,0.00,124.45,9323441038069,PVC CONDUIT & FITTINGS,PVC CORRUGATED CONDUIT-HD-LD,PVC HEAVY DUTY CORRUGATED COND
10028089,CLI265/1-GY,CLI,CLI265/1-GY: Adaptable Box 77x77x54mm Grey,EA,0.00,15.48,9311554155995,ENCLOSURES,ADAPTABLE BOXES & J BOXES,ADAPTABLE BOXES & J BOXES
10233273,OMEXLP5-4BK,OME,OMEXLP5-4BK: Heatshrink 5- 2.4mm 1.2MT Black,LN,0.00,3.69,9323441033187,CABLE ACCESSORIES,HEATSHRINK,HEAT SHRINK
10039628,CLI40M,CLI,CLI40M: Mech 10A 250V 1 Way / 2 Way,EA,0.00,8.39,9311554786526,BAKELITE,DOMESTIC & ALLIED PRODUCTS,PVC PLATES  GRIDS & MECHS
10041085,CLI438-TR,CLI,CLI438-TR: Socket Ext Shroud 10A 250V Trans,EA,0.00,9.05,9311554186197,BAKELITE,DOMESTIC & ALLIED PRODUCTS,PLUGS  BASES  ROSES & SOCKETS
10221364,IPMUG2010XA,IPM,IPMUG2010XA: Collar LP5 99/173 BLK 715x455x230mm,EA,0.00,86.87,,COMMUNICATION,TELSTRA NETWORK PRODUCTS,TELSTRA PITS
10091843,EZYCNH,EZY,EZYCNH: Ladder Tray Nut HDG M10,EA,0.00,0.47,9336181002733,CABLE CARRYING & SUPPORT,CABLE LADDER & FITTINGS,METAL CABLE LADDER & FITTINGS
10368466,SYAFLBP24V5M/TC,SYA,SYAFLBP24V5M/TC: SAL LED COB STRIP KIT 5M 240VAC/24VDC 15W .7/4/6K CUT. 50MM,KT,0.00,61.02,9328623135932,LIGHT FITTINGS,LED LIGHT FITTINGS,LED STRIP LIGHTING
10038761,LEG403434,LEG,LEG403434: MCB 1 Pole C Curve 6KA 250VAC 16A,EA,0.00,5.45,3414970388285,CIRCUIT BREAKERS,MINIATURE CIRCUIT BREAKER,MCB INDUSTRIAL
10038759,LEG403432,LEG,LEG403432: MCB 1 Pole C Curve 6KA 250VAC 10A,EA,0.00,5.45,3414970388223,CIRCUIT BREAKERS,MINIATURE CIRCUIT BREAKER,MCB INDUSTRIAL
10167613,SYAMR16/5W/TC,SYA,SYAMR16/5W/TC: LED Lamp MR16 4W 12V 3/4/6K,EA,0.00,8.46,9328623124455,LIGHT SOURCE (LAMPS & TUBES),LED LAMPS,LED LAMPS
10168511,HAGMSN332,HAG,HAGMSN332: MCB 3 Pole C Curve 6KA 415VAC 32A,EA,0.00,44.69,3250614323614,CIRCUIT BREAKERS,MINIATURE CIRCUIT BREAKER,MCB INDUSTRIAL
10188032,VNAPVPXHF200RDR,VNA,VNAPVPXHF200RDR: Airbus 200 White Round Exhaust Fan,EA,0.00,98.08,9339310010593,HEATING & AIR MOVEMENT,FANS  AIR MOVEMENT,EXHAUST FAN & ACCESS. DOMESTIC
10230260,CLIWSC227/2/15-RG,CLI,CLIWSC227/2/15-RG: P/Point W/ P Surf 2g IP53 15A 250V RG,EA,0.00,77.83,9311554644512,BAKELITE,DOMESTIC & ALLIED PRODUCTS,W/PROOF COMBINATIONS SWITCHES
10382716,THTST321,THT,THTST321: SUNSET SWITCH IP66 16A WHITE,EA,0.00,65.80,,BAKELITE,DOMESTIC & ALLIED PRODUCTS,PHOTO CELLS
10187777,TDRPUSWV2G,TDR,TDRPUSWV2G: Switch 2 Gang Vert 16A 250V WH,EA,0.00,15.04,9349703004443,BAKELITE,DOMESTIC & ALLIED PRODUCTS,SWITCHES
10353065,AMPCL16-10,AMP,AMPCL16-10: LUG 16MM2 M10,EA,0.00,1.33,9323441041625,CABLE ACCESSORIES,CABLE LUGS & LINKS,CABLE LUGS NON-INSULATED
10041948,CLI450VC-WE,CLI,CLI450VC-WE: Mounting Block Suit Corri WH,EA,0.00,17.56,9311554725396,BAKELITE,DOMESTIC & ALLIED PRODUCTS,MOUNTING BLOCKS
10060563,CLI93-BK,CLI,CLI93-BK: Ceiling Rose NO Ring 15A 500V BK,EA,0.00,19.74,9311554074036,BAKELITE,DOMESTIC & ALLIED PRODUCTS,PLUGS  BASES  ROSES & SOCKETS
10081627,CLIC2033A-WE,CLI,CLIC2033A-WE: Switch 3 Gang Arch 10A 250V WH,EA,0.00,27.89,9311554623760,BAKELITE,DOMESTIC & ALLIED PRODUCTS,SWITCHES
10176129,ETCOC3CE7067,ETC,ETCOC3CE7067: Cable Orange Circular 3 C & E 2.5mm,MT,0.00,3.18,,CABLE,PVC POWER CABLE,ORANGE CIRCULAR CABLE
10268539,MRCMD4209WP10,MRC,MRCMD4209WP10: Eko-2 9W 90Mm LED 3Cct Downlight W Plug,EA,0.00,84.14,,LIGHT FITTINGS,LED LIGHT FITTINGS,LED LIGHT FITTINGS
10319799,SYAS9065TC/WH/K10P,SYA,SYAS9065TC/WH/K10P: LED D/L 9W  Wave 3/4/.7K Dimmable WH 10Pk,PK,0.00,113.85,9328623133594,LIGHT FITTINGS,LED LIGHT FITTINGS,LED LIGHT FITTINGS
10345014,OLXFT2CE7067BOOST,OLX,OLXFT2CE7067BOOST: Cable Flat 2 Core & Earth 2.5m Mobiway Boost – 110mtr Drum,EA,0.00,239.29,,CABLE,PVC POWER CABLE,FLAT  TPS  POWER CABLE
10345015,OLXFT2CE7050BOOST,OLX,OLXFT2CE7050BOOST: Cable Flat 2 Core & Earth 1.5m Mobiway Boost – 150mtr Drum,EA,0.00,207.42,,CABLE,PVC POWER CABLE,FLAT  TPS  POWER CABLE
10367578,VNAPET1304WH-L,VNA,VNAPET1304WH-L: PETRUS DC - 52/1300mm Glass Fibre Composi  4 Blade DC Ceiling Fan with 2,EA,0.00,213.89,9339310015376,HEATING & AIR MOVEMENT,FANS  AIR MOVEMENT,CEILING SWEEP FANS
10437489,OSRFL24WTCMSBK,OSR,OSRFL24WTCMSBK: HouseGuard TC Sensor Floodlight Twin 24W 2400Lm Dual Insulated 3/4/6.5K,EA,0.00,60.00,4099854838507,LIGHT FITTINGS,LED LIGHT FITTINGS,LED FLOOD LIGHT FITTINGS
10001364,OME012APLC2,OME,OME012APLC2: Enclosure ABS IP66 300x220x120mm Opaque,EA,0.00,81.97,8017521111537,ENCLOSURES,NON METAL ENCLOSURES,NON-METAL ENCLOSURE
10002220,MMR02MM-MDU36,MMR,MMR02MM-MDU36: Antenna UHF (21-69)36EL x Magna Ph Array,EA,0.00,99.70,9322190012429,MATV PRODUCTS,MATV PRODUCTS,MATV ANTENNAS
10003810,MMR05MM-WP63,MMR,MMR05MM-WP63: Wall Plate Bull Nose Brush Cover WH,EA,0.00,15.52,9322190027270,BAKELITE,DOMESTIC & ALLIED PRODUCTS,COMP./TELE/TV SOCKETS & PLATES
10004340,MMR07MM-ES03,MMR,MMR07MM-ES03: Splitter 3 Way All Port Power Pass 2400M,EA,0.00,4.96,9322190029038,MATV PRODUCTS,MATV PRODUCTS,MATV ANTENNA ACCESSORIES
10004616,MMR08MM-QM06S,MMR,MMR08MM-QM06S: Connector Compression Quick Mount Short,EA,0.00,4.01,9322190026280,MATV PRODUCTS,MATV PRODUCTS,MATV ANTENNA ACCESSORIES
10009108,MMR10MM-PSD14,MMR,MMR10MM-PSD14: Power Supply 14V DC F Type,EA,0.00,45.19,9322190010166,MATV PRODUCTS,MATV PRODUCTS,MATV ANTENNA ACCESSORIES
10010727,MMR11MM-RM,MMR,MMR11MM-RM: Rafter Mount Bracket,EA,0.00,37.31,9322190006657,MATV PRODUCTS,MATV PRODUCTS,MATV ANTENNA HARDWARE
10022659,CLI2035VH-WE,CLI,CLI2035VH-WE: Switch 5 Gang Grid & Plate WH,EA,0.00,11.98,9311554047962,BAKELITE,DOMESTIC & ALLIED PRODUCTS,PVC PLATES  GRIDS & MECHS
10025912,CLI230PBV,CLI,CLI230PBV: Pole Bracket For Temp/Perm Service Pole,EA,0.00,90.72,9310276048769,AERIAL CABLE & DISTR. PARTS,METER BOXES,METER BOXES
10027362,CLI258/32-GY,CLI,CLI258/32-GY: Coupling PVC Plain To Screw 32mm Grey,EA,0.00,8.85,9311554154899,PVC CONDUIT & FITTINGS,PVC CONDUIT FITTINGS,PVC CONDUIT CONN./FITTINGS
10028060,CLI264/3SM-GY,CLI,CLI264/3SM-GY: Reducer Screwed PVC 32 x 25mm Grey,EA,0.00,3.21,9311554155889,PVC CONDUIT & FITTINGS,PVC CONDUIT FITTINGS,PVC CONDUIT CONN./FITTINGS
10032285,CLI30CSFM-WE,CLI,CLI30CSFM-WE: Mech Fan Rotary 75VA 250V WH,EA,0.00,48.03,9311554670474,BAKELITE,DOMESTIC & ALLIED PRODUCTS,PVC PLATES  GRIDS & MECHS
10032314,CLI30FFPFMS-BK,CLI,CLI30FFPFMS-BK: Socket TV Antenna F Fem-Pal Fem.Straight,EA,0.00,10.45,9311554679279,BAKELITE,DOMESTIC & ALLIED PRODUCTS,COMP./TELE/TV SOCKETS & PLATES
10035850,CAB374CUY2-C,CAB,CAB374CUY2-C: 2 Way Telecom Connector,EA,0.00,25.86,9318674877486,CABLE ACCESSORIES,CABLE CONNECTORS,CABLE CONNECTORS
10036514,AMP39/1PP,AMP,AMP39/1PP: Pink Single Screw Connectors Promo Pack (100 pcs per jar),EA,0.00,33.23,9318861017329,CABLE ACCESSORIES,CABLE CONNECTORS,CABLE CONNECTORS
10038208,OME4,OME,OME4: Bracket Fascia Mount 1PH 840mm,EA,0.00,201.56,9323441024741,AERIAL CABLE & DISTR. PARTS,SUPPORT & RAISER BRACKETS,SUPPORT & RAISER BRACKETS
10038335,PBF40/32R,PBF,PBF40/32R: Reducer Plain PVC 40 x 32mm Grey,EA,0.00,2.72,9342915002900,PVC CONDUIT & FITTINGS,PVC CONDUIT FITTINGS,PVC CONDUIT CONN./FITTINGS
10041045,CLI435VFS15-WE,CLI,CLI435VFS15-WE: Flush Inlet Socket Insulated Pins IP34,EA,0.00,45.50,9311554611316,BAKELITE,DOMESTIC & ALLIED PRODUCTS,PLUGS  BASES  ROSES & SOCKETS
10043752,CLI4CC6-WE,CLI,CLI4CC6-WE: Enclosure 6 Mod Surf Mnt WH,EA,0.00,51.25,9318795010984,BAKELITE,CONSUMER FUSE & SWITCHBOARDS,CONSUMER SWITCHBOARD-DIN/PORC.
10044325,CLI501-WE,CLI,CLI501-WE: Lamp Holder BC Cord Grip 3A 250V WH,EA,0.00,12.48,9311554067885,BAKELITE,DOMESTIC & ALLIED PRODUCTS,LAMPHOLDERS/BATTEN HOLDERS
10047255,CLI563K35,CLI,CLI563K35: Connector Insulated 2 Screw 35mm Cable,EA,0.00,16.43,9318793008907,CABLE ACCESSORIES,CABLE CONNECTORS,CABLE CONNECTORS
10047338,CLI56AI315-GY,CLI,CLI56AI315-GY: Appliance Inlet 1PH 15A 250V GY,EA,0.00,115.71,9311554202828,INDUSTRIAL CONTROL,INDUSTRIAL SOCKETS,SINGLE PHASE SOCKETS
10047343,CLI56AI332-GY,CLI,CLI56AI332-GY: Appliance Inlet 1PH 32A 250V GY,EA,0.00,222.70,9311554464660,INDUSTRIAL CONTROL,INDUSTRIAL SOCKETS,SINGLE PHASE SOCKETS
10077760,B&RBMP600600/06,B&R,B&RBMP600600/06: Bramite Panel 600x600x6mm Black,EA,0.00,91.12,9321228084599,DISTRIBUTION BOARDS,PANEL & FRAMES,PANEL & FRAMES
10080057,ETCBW7067GY,ETC,ETCBW7067GY: Cable Building Wire 2.5mm Green/Yellow,MT,0.00,1.33,,CABLE,PVC POWER CABLE,BUILDING WIRE
10081515,CLIC2031VA-BK,CLI,CLIC2031VA-BK: Switch 1 Gang Vert 10A 250V BK,EA,0.00,12.35,9311554321376,BAKELITE,DOMESTIC & ALLIED PRODUCTS,SWITCHES
10081642,CLIC2033HA-BK,CLI,CLIC2033HA-BK: Switch Horiz.Three Gang Black Cover&Grid,EA,0.00,30.46,9311554343774,BAKELITE,DOMESTIC & ALLIED PRODUCTS,SWITCHES
10081757,CLIC2036VH-WE,CLI,CLIC2036VH-WE: Switch 6 Gang Grid & Plate WH,EA,0.00,14.18,9311554396350,BAKELITE,DOMESTIC & ALLIED PRODUCTS,PVC PLATES  GRIDS & MECHS
10088806,OMECHL14/3248G,OME,OMECHL14/3248G: Pliers 8-1/2 Insulated 1000V,EA,0.00,81.47,025582144676,TOOLS  FASTENERS  LADDERS & AC,TOOLS,HAND TOOLS
10092148,CSWCOF25-SM,CSW,CSWCOF25-SM: Custom Orb Plate 25mm Hole - Surf Mist,EA,0.00,20.52,,BAKELITE,DOMESTIC & ALLIED PRODUCTS,WALL FLOOR BOX & BRACKETS
10092159,CSWCOF92-SM,CSW,CSWCOF92-SM: Custom Orb Plate 92mm Hole - Surf Mist,EA,0.00,20.52,,BAKELITE,DOMESTIC & ALLIED PRODUCTS,WALL FLOOR BOX & BRACKETS
10094862,NHPCSB08ST,NHP,NHPCSB08ST: Switchboard 8 Mod Surf Mnt Trans Door,EA,0.00,41.09,,BAKELITE,CONSUMER FUSE & SWITCHBOARDS,CONSUMER SWITCHBOARD-DIN/PORC.
10094868,NHPCSB12FW,NHP,NHPCSB12FW: Switchboard 12 Mod Flush Mnt WH Door,EA,0.00,42.65,9321807197436,BAKELITE,CONSUMER FUSE & SWITCHBOARDS,CONSUMER SWITCHBOARD-DIN/PORC.
10094883,NHPCSB24ST,NHP,NHPCSB24ST: Switchboard 24 Mod Surf Mnt Trans Door,EA,0.00,103.59,9321807197481,BAKELITE,CONSUMER FUSE & SWITCHBOARDS,CONSUMER SWITCHBOARD-DIN/PORC.
10097866,SUOD5012200,SUO,SUOD5012200: Drill Bit Spade 22mm,EA,0.00,21.38,9311963009155,TOOLS  FASTENERS  LADDERS & AC,TOOLS,DRILL BITS
10097985,SUOD6000650,SUO,SUOD6000650: Drill Bit Masonary 6.5 x 100mm,EA,0.00,9.73,93220750,TOOLS  FASTENERS  LADDERS & AC,TOOLS,DRILL BITS
10098951,MMRDA-F6TH,MMR,MMRDA-F6TH: Connector F To RG6 Twist On (20PK),PK,0.00,23.64,9322190014089,AUDIO VISUAL,AUDIO VISUAL CONNECTORS,AUDIO VISUAL CONNECTORS
10104140,LENDS250,LEN,LENDS250: Draftstopper Fan 250mm,EA,0.00,84.95,9323441030872,HEATING & AIR MOVEMENT,FANS  AIR MOVEMENT,EXHAUST FAN & ACCESS. DOMESTIC
10107759,THMEC0421,THM,THMEC0421: Roband 350W 180mm Heat Lamp Ceramic Ends,EA,0.00,58.02,,LIGHT SOURCE (LAMPS & TUBES),HALOGEN DICHROIC Q.I. LAMPS,HALOGEN DICHROIC Q.I. LAMPS
10115195,THMEWT1L2-80,THM,THMEWT1L2-80: Hot Water Thermostat Spst 60-80OC &Reset,EA,0.00,45.77,,HEATING ELEMENTS & CONTROL,THERMOSTATS,HOT WATER THERMOSTATS
10124421,TRDFS32,TRD,TRDFS32: Saddle Full Zinc 32mm,EA,0.00,0.52,9323441014056,BAKELITE,DOMESTIC & ALLIED PRODUCTS,SADDLES  CONDUIT FIXING
10124450,TRDFS50,TRD,TRDFS50: Saddle Full Zinc 50mm,EA,0.00,1.10,9323441014070,BAKELITE,DOMESTIC & ALLIED PRODUCTS,SADDLES  CONDUIT FIXING
10125010,PIRFT2CE7067/500,PIR,PIRFT2CE7067/500: Cable Flat 2C+E 2.5mm2 500 Metre Drum,MT,0.00,2.92,9310835905441,CABLE,PVC POWER CABLE,FLAT  TPS  POWER CABLE
10130971,SUOH112UA3,SUO,SUOH112UA3: Holesaw Arbor 32- 152mm,EA,0.00,55.92,9311963556284,TOOLS  FASTENERS  LADDERS & AC,TOOLS,HOLE SAWS
10135643,EATHSF2ABW,EAT,EATHSF2ABW: House Service Fuse 100A Back Wire,EA,0.00,28.94,,FUSE CARRIERS & BASE,FUSE HRC,FUSE HRC
10138131,TRDHWA6832,TRD,TRDHWA6832: Anchor Hol/Wall Mtl 6.8mm l32mm,PK,0.00,60.69,9323441038489,TOOLS  FASTENERS  LADDERS & AC,FASTENERS,SPECIALITY FASTENERS
10139316,OMEILSDG5.5YL,OME,OMEILSDG5.5YL: In Line Splice Double Grip Yellow PK/25,PK,0.00,28.65,9323441026257,CABLE ACCESSORIES,CABLE LUGS & LINKS,CABLE LUGS INSULATED
10139347,THMIM101-02,THM,THMIM101-02: Oven Element F/F 3000W,EA,0.00,104.41,,HEATING ELEMENTS & CONTROL,HEATING ELEMENTS,OVEN & DRYER ELEMENTS
10139393,THMIM31-01,THM,THMIM31-01: Oven Element F/F 2515W,EA,0.00,100.13,,HEATING ELEMENTS & CONTROL,HEATING ELEMENTS,OVEN & DRYER ELEMENTS
10139442,THMIM91-04,THM,THMIM91-04: Oven Element F/F 2000W,EA,0.00,100.13,,HEATING ELEMENTS & CONTROL,HEATING ELEMENTS,OVEN & DRYER ELEMENTS
10142182,IRAIZ033030100,IRA,IRAIZ033030100: Screwdriver Tekno Ins Flat 3x100mm 1KV,EA,0.00,31.18,8412814124889,TOOLS  FASTENERS  LADDERS & AC,TOOLS,HAND TOOLS
10142183,IRAIZ033035100,IRA,IRAIZ033035100: Screwdriver Tekno Ins Flat 3.5x100mm 1KV,EA,0.00,32.52,8412814124896,TOOLS  FASTENERS  LADDERS & AC,TOOLS,HAND TOOLS
10142184,IRAIZ033040100,IRA,IRAIZ033040100: Screwdriver Tekno Ins Flat 4x100mm 1KV,EA,0.00,33.64,8412814124902,TOOLS  FASTENERS  LADDERS & AC,TOOLS,HAND TOOLS
10145474,KPRKIS2016TAS,KPR,KPRKIS2016TAS: 600 x 600 Solar Light,EA,0.00,541.76,,LIGHT FITTINGS,LED LIGHT FITTINGS,LED LIGHT FITTINGS
10149314,SYALCA27B15D/C,SYA,SYALCA27B15D/C: LED Candle 4W B15 WW Clear Dim,EA,0.00,7.43,9328623105577,LIGHT SOURCE (LAMPS & TUBES),LED LAMPS,LED LAMPS
10157239,SYALT407TC/E27,SYA,SYALT407TC/E27: Lamp LED Tubular 240V 7W E27 Tri Colour,EA,0.00,6.05,9328623124325,LIGHT SOURCE (LAMPS & TUBES),LED LAMPS,LED LAMPS
10158367,FLKLVD2,FLK,FLKLVD2: Volt Light AC LED Light,EA,0.00,110.00,095969369978,ELECT TEST/METER & COMPONENTS,METERS & TESTERS,METERS & TESTERS
10160075,WATM42W,WAT,WATM42W: PVC Pipe and Duct Cutter 42mm,EA,0.00,48.11,,TOOLS  FASTENERS  LADDERS & AC,TOOLS,HAND TOOLS
10160921,TRDMAG1,TRD,TRDMAG1: Extreme Magnet,EA,0.00,30.82,9323441009915,TOOLS  FASTENERS  LADDERS & AC,TOOLS,HAND TOOLS
10172149,OMENARH540/50,OME,OMENARH540/50: Nylon Anchor Round Head 5mm x 40mm,PK,0.00,18.69,9323441005863,TOOLS  FASTENERS  LADDERS & AC,FASTENERS,ANCHOR PLUGS/NAIL IN ANCHORS
10185569,OMEPPH640,OME,OMEPPH640: Screw Pan Head 6g x 40mm,PK,0.00,8.95,9323441004378,TOOLS  FASTENERS  LADDERS & AC,FASTENERS,SCREWS
10185572,OMEPPH720,OME,OMEPPH720: Screw Pan Head 7g x 20mm,PK,0.00,7.00,9323441004408,TOOLS  FASTENERS  LADDERS & AC,FASTENERS,SCREWS
10187610,TDRPU4X4BK,TDR,TDRPU4X4BK: 4 Sockets Double Pole x 4 USBS Integrat,EA,0.00,195.71,9349703014794,BAKELITE,DOMESTIC & ALLIED PRODUCTS,COMBINATIONS
10187622,TDRPUBIG5,TDR,TDRPUBIG5: Powerpoint 5 Gang 10A 250V WH,EA,0.00,68.63,,BAKELITE,DOMESTIC & ALLIED PRODUCTS,COMBINATIONS
10187696,TDRPUPP2USB2G,TDR,TDRPUPP2USB2G: Powerpoint 2 Gang USB 10A 250V WH,EA,0.00,75.03,9349703003750,BAKELITE,DOMESTIC & ALLIED PRODUCTS,COMBINATIONS
10187778,TDRPUSWV2GBK,TDR,TDRPUSWV2GBK: Switch Vert 2 Gang 10AX/16A 250V,EA,0.00,22.00,9349703006591,BAKELITE,DOMESTIC & ALLIED PRODUCTS,SWITCHES
10195586,P&NS1320845,P&N,P&NS1320845: Nut Setter Magnetic 5/16 Size 8,EA,0.00,11.14,9311963074177,TOOLS  FASTENERS  LADDERS & AC,TOOLS,DRILL BITS
10197119,SYAS9065BK/RING,SYA,SYAS9065BK/RING: LED D/L Ring Suit S9065 Black,EA,0.00,2.80,,LIGHT FITTINGS,INDUSTRIAL/COMMERCIAL LIGHT FI,INDUSTRIAL/COMMERCIAL LIGHT FI
10198875,TRDSC35,TRD,TRDSC35: Screw Connector 35mm2,EA,0.00,7.93,9323441036898,CABLE ACCESSORIES,CABLE CONNECTORS,CABLE CONNECTORS
10199690,PIRSD7170BK/500,PIR,PIRSD7170BK/500: Cable SDI 16 Sq.Mm 7/1.70 Black 500M Rol,MT,0.00,6.35,9310835904949,CABLE,PVC POWER CABLE,SINGLE DOUBLE INSULATED CABLE
10200317,SYASE7122TC/BK,SYA,SYASE7122TC/BK: Bondi Up/Down Light With TC Globe,EA,0.00,60.46,,LIGHT FITTINGS,INDUSTRIAL/COMMERCIAL LIGHT FI,INDUSTRIAL/COMMERCIAL LIGHT FI
10200928,HAGSF263,HAG,HAGSF263: Changeover Switch 63A 2 Pole,EA,0.00,119.05,3250615561008,CIRCUIT BREAKERS,CB MAIN SWITCH,CB MAIN SWITCH
10203675,SYASL9732/20TC/DP2,SYA,SYASL9732/20TC/DP2: LED Batten 12/20W 600x65mm IP20 White,EA,0.00,46.05,,LIGHT FITTINGS,LED LIGHT FITTINGS,LED LIGHT FITTINGS
10204934,OMESMDW40-12TK,OME,OMESMDW40-12TK: Heatshrink Adhesive 40-12mm 1.2MT Black,LN,0.00,25.97,9323441026653,CABLE ACCESSORIES,HEATSHRINK,HEAT SHRINK
10212576,ALLT2494,ALL,ALLT2494: Torch Butane Gas Blow Torch PT-500,EA,0.00,73.49,,TOOLS  FASTENERS  LADDERS & AC,TOOLS,HAND TOOLS
10213420,THMTA4800,THM,THMTA4800: Hot Water Element Alloy 4800W Sickle,EA,0.00,60.53,,HEATING ELEMENTS & CONTROL,HEATING ELEMENTS,HOT WATER ELEMENTS
10222818,B&RV10,B&R,B&RV10: Meter Box 24 Mod With Fuse Lock (VIC),EA,0.00,235.58,9321228042667,AERIAL CABLE & DISTR. PARTS,METER BOXES,METER BOXES
10225696,AMPVM20,AMP,AMPVM20: Bush Threaded PVC Male 20mm GY,EA,0.00,1.50,9318861004640,CABLE ACCESSORIES,BUSHES & GROMMETS,GROMMETS
10225697,AMPVM25,AMP,AMPVM25: Bush Threaded PVC Male 25mm GY,EA,0.00,2.21,9318861004671,CABLE ACCESSORIES,BUSHES & GROMMETS,GROMMETS
10228809,TRDWFA632,TRD,TRDWFA632: Anchor Wall Fix Pan Sq Drive 6mmx32mm,PK,0.00,29.66,9323441038458,TOOLS  FASTENERS  LADDERS & AC,FASTENERS,SPECIALITY FASTENERS
10233045,OMEXLP10-4BL,OME,OMEXLP10-4BL: Heatshrink 10- 4.8mm 1.2MT Blue,LN,0.00,5.06,9323441031817,CABLE ACCESSORIES,HEATSHRINK,HEAT SHRINK
10233049,OMEXLP10-4WH,OME,OMEXLP10-4WH: Heatshrink 10- 4.8mm 1.2MT White,LN,0.00,5.06,9323441031855,CABLE ACCESSORIES,HEATSHRINK,HEAT SHRINK
10233101,OMEXLP13-4YG,OME,OMEXLP13-4YG: Heatshrink 13- 6.4mm 1.2MT Green/Yellow,LN,0.00,5.20,9323441032210,CABLE ACCESSORIES,HEATSHRINK,HEAT SHRINK
10233151,OMEXLP20-4YG,OME,OMEXLP20-4YG: Heatshrink 20- 9.5mm 1.2MT Green/Yellow,LN,0.00,6.24,9323441032494,CABLE ACCESSORIES,HEATSHRINK,HEAT SHRINK
10241157,SYALT409TC/B22D,SYA,SYALT409TC/B22D: Lamp LED Tubular 9W B22 Tri Colour Dim,EA,0.00,7.28,9328623124394,LIGHT SOURCE (LAMPS & TUBES),LED LAMPS,LED LAMPS
10242640,MAETIMER-24H/A,MAE,MAETIMER-24H/A: Analogue Din 24HR Timer C/W 100HR Res,EA,0.00,86.88,,TIMING EQUIPMENT,TIMING RELAYS/TIMERS,TIMING RELAYS/TIMERS
10248503,MEDMIDLABKIT,MED,MEDMIDLABKIT: Generator Label Kit,EA,0.00,10.17,,DISTRIBUTION BOARDS,PANEL BOARDS,PANEL BOARD FOR MCCB
10255540,CLIMX9E1111S,CLI,CLIMX9E1111S: MAX9 Enclosure 1 Row 11 Mod Surface,EA,0.00,85.33,9311554814403,BAKELITE,CONSUMER FUSE & SWITCHBOARDS,CONSUMER SWITCHBOARD-DIN/PORC.
10255567,CLIMX9MC120,CLI,CLIMX9MC120: MAX9 MCB 1 POLE C CURVE 6KA 240VAC 20A,EA,0.00,5.43,,CIRCUIT BREAKERS,MINIATURE CIRCUIT BREAKER,MCB INDUSTRIAL
10255568,CLIMX9MC125,CLI,CLIMX9MC125: MAX9 MCB 1 POLE C CURVE 6KA 240VAC 25A,EA,0.00,5.43,,CIRCUIT BREAKERS,MINIATURE CIRCUIT BREAKER,MCB INDUSTRIAL
10255577,CLIMX9MC220,CLI,CLIMX9MC220: MAX9 MCB 2 POLE C CURVE 6KA 240/415V 20A,EA,0.00,34.27,9311554813758,CIRCUIT BREAKERS,MINIATURE CIRCUIT BREAKER,MCB INDUSTRIAL
10260973,MRCMA1024CCT,MRC,MRCMA1024CCT: LED Ceiling Light 24W Tri Colour,EA,0.00,29.27,1,LIGHT FITTINGS,LED LIGHT FITTINGS,LED LIGHT FITTINGS
10280081,OMESR10,OME,OMESR10: Socket 10A Rewireable  Transparent,EA,0.00,5.48,,BAKELITE,DOMESTIC & ALLIED PRODUCTS,PLUGS  BASES  ROSES & SOCKETS
10280082,OMEPR15,OME,OMEPR15: Plug 3Pin Rewireable 15A,EA,0.00,6.29,,BAKELITE,DOMESTIC & ALLIED PRODUCTS,PLUGS  BASES  ROSES & SOCKETS
10280084,OMESSO10,OME,OMESSO10: Outlet Suspended 10A  3Pin,EA,0.00,52.53,,BAKELITE,DOMESTIC & ALLIED PRODUCTS,PLUGS  BASES  ROSES & SOCKETS
10280085,OMESSO15,OME,OMESSO15: Outlet Suspended 3P 15A,EA,0.00,62.54,,BAKELITE,DOMESTIC & ALLIED PRODUCTS,PLUGS  BASES  ROSES & SOCKETS
10288929,TDROWPIROD180,TDR,TDROWPIROD180: Sensor Outdoor 180D 12M Detection,EA,0.00,39.33,,BAKELITE,ELECTRONIC PRODUCTS,PIR SENSOR / SURGE ARRESTOR
10294279,EGL20549601,EGL,EGL20549601: SURF 48 DC Fan Wht,EA,0.00,391.73,9008606263646,HEATING & AIR MOVEMENT,FANS  AIR MOVEMENT,CEILING SWEEP FANS
10294283,EGL20549701,EGL,EGL20549701: SURF 48 DC Fan LED Tri-Col Wht,EA,0.00,469.28,9008606263684,HEATING & AIR MOVEMENT,FANS  AIR MOVEMENT,CEILING SWEEP FANS
10305787,MAEWLN-G6.3M32,MAE,MAEWLN-G6.3M32: Wall Lock  Needle Point Screws 6.3 G x  32mm,PK,0.00,92.52,,TOOLS  FASTENERS  LADDERS & AC,TOOLS,TOOL ACCESSORIES
10320239,AGY1036BC,AGY,AGY1036BC: Ase Dektite BK 0-35Mm,EA,0.00,4.76,,POWER SUPPLY,POWER SUPPLY SOLAR,SOLAR ACCESSORIES
10324640,SYASL2115/40TCD,SYA,SYASL2115/40TCD: LED OYSTER KINGSTON 420MM DIA. 30W 3/4/5.  DIM. IP54 WHITE,EA,0.00,71.47,9328623134119,LIGHT FITTINGS,LED LIGHT FITTINGS,LED LIGHT FITTINGS
10325598,ETCFL3C32020BK,ETC,ETCFL3C32020BK: Cable Flex 3  Core 1.00mm Black,MT,0.00,1.87,,CABLE,PVC POWER CABLE,FLEXIBLE CABLE
10346114,OLX1630023,OLX,OLX1630023: Mobiway Boost Plastic Spool/Dr OLXFT2CEBOOSTDRUM,EA,0.00,3.54,,CABLE,PVC POWER CABLE,FLAT  TPS  POWER CABLE
10353114,AMPCS25,AMP,AMPCS25: CABLE LINK 25MM,EA,0.00,2.43,9323441042110,CABLE ACCESSORIES,CABLE LUGS & LINKS,CABLE LUGS NON-INSULATED
10356543,EGL206222,EGL,EGL206222: DC FAN WALL  CONTROL,EA,0.00,43.58,,LIGHT FITTINGS,LED LIGHT FITTINGS,LED LIGHT FITTINGS
10359403,LENEFD310RLCCT,LEN,LENEFD310RLCCT: EX FAN  CEILING ROUND CCT LED 15W  295MM CUTOUT,EA,0.00,135.75,9323441040871,HEATING & AIR MOVEMENT,FANS  AIR MOVEMENT,EXHAUST FAN & ACCESS. DOMESTIC
10367557,LENEFD270RLCCT,LEN,LENEFD270RLCCT: EX FAN CEILING ROUND CCT LED 12W 240MM CUTOUT,EA,0.00,121.66,,HEATING & AIR MOVEMENT,FANS  AIR MOVEMENT,EXHAUST FAN & ACCESS. DOMESTIC
10367576,VNAPET1204WH-L,VNA,VNAPET1204WH-L: PETRUS DC - 48/1200mm Glass Fibre 4 Blade DC Ceiling Fan w/ 20W LED,EA,0.00,203.17,9339310015352,HEATING & AIR MOVEMENT,FANS  AIR MOVEMENT,CEILING SWEEP FANS
10367577,VNAPET1304WH,VNA,VNAPET1304WH: PETRUS DC - 52/1300mm Glass Fibre Composi  Blade DC Ceiling Fan - White,EA,0.00,171.60,9339310015369,HEATING & AIR MOVEMENT,FANS  AIR MOVEMENT,CEILING SWEEP FANS
10374080,RENFLW-10060,REN,RENFLW-10060: Renelite Floodlight 60W/80W/100W IP66 IK08 120° 3K/4K/5K,EA,0.00,118.43,,LIGHT FITTINGS,LED LIGHT FITTINGS,LED FLOOD LIGHT FITTINGS
10374101,RENFLW-200120,REN,RENFLW-200120: Renelight Floodlight 120W/160W/200W IP66 IK08 120° 3K/4K/5K,EA,0.00,195.12,,LIGHT FITTINGS,LED LIGHT FITTINGS,LED FLOOD LIGHT FITTINGS
10376971,OMEJB5,OME,OMEJB5: FND Junction Box Smal 70x65x34mm Quarter Turn White,EA,0.00,2.98,,ENCLOSURES,ADAPTABLE BOXES & J BOXES,ADAPTABLE BOXES & J BOXES
10382638,RENBL20W,REN,RENBL20W: BATTEN LIGHT CCT 600 IP20 PA16 3000-5700K 240V,EA,0.00,38.66,9323441001483,LIGHT FITTINGS,INDUSTRIAL/COMMERCIAL LIGHT FI,INDUSTRIAL/COMMERCIAL LIGHT FI
10385077,OMERENFLW-5040,OME,OMERENFLW-5040: Renelight Floodlight 40W/50W IP66 IK07 Colour Select 3K/4K/5K,EA,0.00,59.95,,LIGHT FITTINGS,LED LIGHT FITTINGS,LED LIGHT FITTINGS
10417798,TDRPU4X4MBBK,TDR,TDRPU4X4MBBK: 4X4 MOUNTING  BLOCK WITH BACKING PLATE  BLACK,EA,0.00,31.27,,BAKELITE,DOMESTIC & ALLIED PRODUCTS,MOUNTING BLOCKS
10433565,RENRENBLVP18,REN,RENRENBLVP18: Vandal Proof 3CCT IP66 IK10 18W 3000-5700K 240V,EA,0.00,84.46,9323441043841,LIGHT FITTINGS,INDUSTRIAL/COMMERCIAL LIGHT FI,INDUSTRIAL/COMMERCIAL LIGHT FI
10449448,UVTUTCEK2,UVT,UVTUTCEK2: Cord End Sleeve  KIT0.34mm-10.0mm²0. Twins +  CRIMP,EA,0.00,401.76,,CABLE ACCESSORIES,CABLE LUGS & LINKS,CABLE LUGS INSULATED
